,league,url
0,england,https://transfermarkt.com/fc-chelsea/transfers/verein/631/saison_id/2015
1,england,https://transfermarkt.com/manchester-city/transfers/verein/281/saison_id/2015
2,england,https://transfermarkt.com/fc-arsenal/transfers/verein/11/saison_id/2015
3,england,https://transfermarkt.com/manchester-united/transfers/verein/985/saison_id/2015
4,england,https://transfermarkt.com/tottenham-hotspur/transfers/verein/148/saison_id/2015
5,england,https://transfermarkt.com/fc-liverpool/transfers/verein/31/saison_id/2015
6,england,https://transfermarkt.com/fc-southampton/transfers/verein/180/saison_id/2015
7,england,https://transfermarkt.com/swansea-city/transfers/verein/2288/saison_id/2015
8,england,https://transfermarkt.com/stoke-city/transfers/verein/512/saison_id/2015
9,england,https://transfermarkt.com/crystal-palace/transfers/verein/873/saison_id/2015
10,england,https://transfermarkt.com/fc-everton/transfers/verein/29/saison_id/2015
11,england,https://transfermarkt.com/west-ham-united/transfers/verein/379/saison_id/2015
12,england,https://transfermarkt.com/west-bromwich-albion/transfers/verein/984/saison_id/2015
13,england,https://transfermarkt.com/leicester-city/transfers/verein/1003/saison_id/2015
14,england,https://transfermarkt.com/newcastle-united/transfers/verein/762/saison_id/2015
15,england,https://transfermarkt.com/afc-sunderland/transfers/verein/289/saison_id/2015
16,england,https://transfermarkt.com/aston-villa/transfers/verein/405/saison_id/2015
17,england,https://transfermarkt.com/afc-bournemouth/transfers/verein/989/saison_id/2015
18,england,https://transfermarkt.com/fc-watford/transfers/verein/1010/saison_id/2015
19,england,https://transfermarkt.com/norwich-city/transfers/verein/1123/saison_id/2015
20,england,https://transfermarkt.com/leicester-city/transfers/verein/1003/saison_id/2016
21,england,https://transfermarkt.com/fc-arsenal/transfers/verein/11/saison_id/2016
22,england,https://transfermarkt.com/tottenham-hotspur/transfers/verein/148/saison_id/2016
23,england,https://transfermarkt.com/manchester-city/transfers/verein/281/saison_id/2016
24,england,https://transfermarkt.com/manchester-united/transfers/verein/985/saison_id/2016
25,england,https://transfermarkt.com/fc-southampton/transfers/verein/180/saison_id/2016
26,england,https://transfermarkt.com/west-ham-united/transfers/verein/379/saison_id/2016
27,england,https://transfermarkt.com/fc-liverpool/transfers/verein/31/saison_id/2016
28,england,https://transfermarkt.com/stoke-city/transfers/verein/512/saison_id/2016
29,england,https://transfermarkt.com/fc-chelsea/transfers/verein/631/saison_id/2016
30,england,https://transfermarkt.com/fc-everton/transfers/verein/29/saison_id/2016
31,england,https://transfermarkt.com/swansea-city/transfers/verein/2288/saison_id/2016
32,england,https://transfermarkt.com/fc-watford/transfers/verein/1010/saison_id/2016
33,england,https://transfermarkt.com/west-bromwich-albion/transfers/verein/984/saison_id/2016
34,england,https://transfermarkt.com/crystal-palace/transfers/verein/873/saison_id/2016
35,england,https://transfermarkt.com/afc-bournemouth/transfers/verein/989/saison_id/2016
36,england,https://transfermarkt.com/afc-sunderland/transfers/verein/289/saison_id/2016
37,england,https://transfermarkt.com/fc-burnley/transfers/verein/1132/saison_id/2016
38,england,https://transfermarkt.com/fc-middlesbrough/transfers/verein/641/saison_id/2016
39,england,https://transfermarkt.com/hull-city/transfers/verein/3008/saison_id/2016
40,england,https://transfermarkt.com/fc-chelsea/transfers/verein/631/saison_id/2017
41,england,https://transfermarkt.com/tottenham-hotspur/transfers/verein/148/saison_id/2017
42,england,https://transfermarkt.com/manchester-city/transfers/verein/281/saison_id/2017
43,england,https://transfermarkt.com/fc-liverpool/transfers/verein/31/saison_id/2017
44,england,https://transfermarkt.com/fc-arsenal/transfers/verein/11/saison_id/2017
45,england,https://transfermarkt.com/manchester-united/transfers/verein/985/saison_id/2017
46,england,https://transfermarkt.com/fc-everton/transfers/verein/29/saison_id/2017
47,england,https://transfermarkt.com/fc-southampton/transfers/verein/180/saison_id/2017
48,england,https://transfermarkt.com/afc-bournemouth/transfers/verein/989/saison_id/2017
49,england,https://transfermarkt.com/west-bromwich-albion/transfers/verein/984/saison_id/2017
50,england,https://transfermarkt.com/west-ham-united/transfers/verein/379/saison_id/2017
51,england,https://transfermarkt.com/leicester-city/transfers/verein/1003/saison_id/2017
52,england,https://transfermarkt.com/stoke-city/transfers/verein/512/saison_id/2017
53,england,https://transfermarkt.com/crystal-palace/transfers/verein/873/saison_id/2017
54,england,https://transfermarkt.com/swansea-city/transfers/verein/2288/saison_id/2017
55,england,https://transfermarkt.com/fc-burnley/transfers/verein/1132/saison_id/2017
56,england,https://transfermarkt.com/fc-watford/transfers/verein/1010/saison_id/2017
57,england,https://transfermarkt.com/newcastle-united/transfers/verein/762/saison_id/2017
58,england,https://transfermarkt.com/brighton-amp-hove-albion/transfers/verein/1237/saison_id/2017
59,england,https://transfermarkt.com/huddersfield-town/transfers/verein/1110/saison_id/2017
60,england,https://transfermarkt.com/manchester-city/transfers/verein/281/saison_id/2018
61,england,https://transfermarkt.com/manchester-united/transfers/verein/985/saison_id/2018
62,england,https://transfermarkt.com/tottenham-hotspur/transfers/verein/148/saison_id/2018
63,england,https://transfermarkt.com/fc-liverpool/transfers/verein/31/saison_id/2018
64,england,https://transfermarkt.com/fc-chelsea/transfers/verein/631/saison_id/2018
65,england,https://transfermarkt.com/fc-arsenal/transfers/verein/11/saison_id/2018
66,england,https://transfermarkt.com/fc-burnley/transfers/verein/1132/saison_id/2018
67,england,https://transfermarkt.com/fc-everton/transfers/verein/29/saison_id/2018
68,england,https://transfermarkt.com/leicester-city/transfers/verein/1003/saison_id/2018
69,england,https://transfermarkt.com/newcastle-united/transfers/verein/762/saison_id/2018
70,england,https://transfermarkt.com/crystal-palace/transfers/verein/873/saison_id/2018
71,england,https://transfermarkt.com/afc-bournemouth/transfers/verein/989/saison_id/2018
72,england,https://transfermarkt.com/west-ham-united/transfers/verein/379/saison_id/2018
73,england,https://transfermarkt.com/fc-watford/transfers/verein/1010/saison_id/2018
74,england,https://transfermarkt.com/brighton-amp-hove-albion/transfers/verein/1237/saison_id/2018
75,england,https://transfermarkt.com/huddersfield-town/transfers/verein/1110/saison_id/2018
76,england,https://transfermarkt.com/fc-southampton/transfers/verein/180/saison_id/2018
77,england,https://transfermarkt.com/wolverhampton-wanderers/transfers/verein/543/saison_id/2018
78,england,https://transfermarkt.com/cardiff-city/transfers/verein/603/saison_id/2018
79,england,https://transfermarkt.com/fc-fulham/transfers/verein/931/saison_id/2018
80,england,https://transfermarkt.com/manchester-city/transfers/verein/281/saison_id/2019
81,england,https://transfermarkt.com/fc-liverpool/transfers/verein/31/saison_id/2019
82,england,https://transfermarkt.com/fc-chelsea/transfers/verein/631/saison_id/2019
83,england,https://transfermarkt.com/tottenham-hotspur/transfers/verein/148/saison_id/2019
84,england,https://transfermarkt.com/fc-arsenal/transfers/verein/11/saison_id/2019
85,england,https://transfermarkt.com/manchester-united/transfers/verein/985/saison_id/2019
86,england,https://transfermarkt.com/wolverhampton-wanderers/transfers/verein/543/saison_id/2019
87,england,https://transfermarkt.com/fc-everton/transfers/verein/29/saison_id/2019
88,england,https://transfermarkt.com/leicester-city/transfers/verein/1003/saison_id/2019
89,england,https://transfermarkt.com/west-ham-united/transfers/verein/379/saison_id/2019
90,england,https://transfermarkt.com/fc-watford/transfers/verein/1010/saison_id/2019
91,england,https://transfermarkt.com/crystal-palace/transfers/verein/873/saison_id/2019
92,england,https://transfermarkt.com/newcastle-united/transfers/verein/762/saison_id/2019
93,england,https://transfermarkt.com/afc-bournemouth/transfers/verein/989/saison_id/2019
94,england,https://transfermarkt.com/fc-burnley/transfers/verein/1132/saison_id/2019
95,england,https://transfermarkt.com/fc-southampton/transfers/verein/180/saison_id/2019
96,england,https://transfermarkt.com/brighton-amp-hove-albion/transfers/verein/1237/saison_id/2019
97,england,https://transfermarkt.com/norwich-city/transfers/verein/1123/saison_id/2019
98,england,https://transfermarkt.com/sheffield-united/transfers/verein/350/saison_id/2019
99,england,https://transfermarkt.com/aston-villa/transfers/verein/405/saison_id/2019
100,england,https://transfermarkt.com/fc-arsenal/transfers/verein/11/saison_id/2020
101,england,https://transfermarkt.com/aston-villa/transfers/verein/405/saison_id/2020
102,england,https://transfermarkt.com/brighton-amp-hove-albion/transfers/verein/1237/saison_id/2020
103,england,https://transfermarkt.com/fc-burnley/transfers/verein/1132/saison_id/2020
104,england,https://transfermarkt.com/fc-chelsea/transfers/verein/631/saison_id/2020
105,england,https://transfermarkt.com/crystal-palace/transfers/verein/873/saison_id/2020
106,england,https://transfermarkt.com/fc-everton/transfers/verein/29/saison_id/2020
107,england,https://transfermarkt.com/fc-fulham/transfers/verein/931/saison_id/2020
108,england,https://transfermarkt.com/leeds-united/transfers/verein/399/saison_id/2020
109,england,https://transfermarkt.com/leicester-city/transfers/verein/1003/saison_id/2020
110,england,https://transfermarkt.com/fc-liverpool/transfers/verein/31/saison_id/2020
111,england,https://transfermarkt.com/manchester-city/transfers/verein/281/saison_id/2020
112,england,https://transfermarkt.com/manchester-united/transfers/verein/985/saison_id/2020
113,england,https://transfermarkt.com/newcastle-united/transfers/verein/762/saison_id/2020
114,england,https://transfermarkt.com/sheffield-united/transfers/verein/350/saison_id/2020
115,england,https://transfermarkt.com/fc-southampton/transfers/verein/180/saison_id/2020
116,england,https://transfermarkt.com/tottenham-hotspur/transfers/verein/148/saison_id/2020
117,england,https://transfermarkt.com/west-bromwich-albion/transfers/verein/984/saison_id/2020
118,england,https://transfermarkt.com/west-ham-united/transfers/verein/379/saison_id/2020
119,england,https://transfermarkt.com/wolverhampton-wanderers/transfers/verein/543/saison_id/2020
120,england,https://transfermarkt.com/fc-arsenal/transfers/verein/11/saison_id/2021
121,england,https://transfermarkt.com/aston-villa/transfers/verein/405/saison_id/2021
122,england,https://transfermarkt.com/fc-brentford/transfers/verein/1148/saison_id/2021
123,england,https://transfermarkt.com/brighton-amp-hove-albion/transfers/verein/1237/saison_id/2021
124,england,https://transfermarkt.com/fc-burnley/transfers/verein/1132/saison_id/2021
125,england,https://transfermarkt.com/fc-chelsea/transfers/verein/631/saison_id/2021
126,england,https://transfermarkt.com/crystal-palace/transfers/verein/873/saison_id/2021
127,england,https://transfermarkt.com/fc-everton/transfers/verein/29/saison_id/2021
128,england,https://transfermarkt.com/leeds-united/transfers/verein/399/saison_id/2021
129,england,https://transfermarkt.com/leicester-city/transfers/verein/1003/saison_id/2021
130,england,https://transfermarkt.com/fc-liverpool/transfers/verein/31/saison_id/2021
131,england,https://transfermarkt.com/manchester-city/transfers/verein/281/saison_id/2021
132,england,https://transfermarkt.com/manchester-united/transfers/verein/985/saison_id/2021
133,england,https://transfermarkt.com/newcastle-united/transfers/verein/762/saison_id/2021
134,england,https://transfermarkt.com/norwich-city/transfers/verein/1123/saison_id/2021
135,england,https://transfermarkt.com/fc-southampton/transfers/verein/180/saison_id/2021
136,england,https://transfermarkt.com/tottenham-hotspur/transfers/verein/148/saison_id/2021
137,england,https://transfermarkt.com/fc-watford/transfers/verein/1010/saison_id/2021
138,england,https://transfermarkt.com/west-ham-united/transfers/verein/379/saison_id/2021
139,england,https://transfermarkt.com/wolverhampton-wanderers/transfers/verein/543/saison_id/2021
140,spain,https://transfermarkt.com/fc-barcelona/transfers/verein/131/saison_id/2015
141,spain,https://transfermarkt.com/real-madrid/transfers/verein/418/saison_id/2015
142,spain,https://transfermarkt.com/atletico-madrid/transfers/verein/13/saison_id/2015
143,spain,https://transfermarkt.com/fc-valencia/transfers/verein/1049/saison_id/2015
144,spain,https://transfermarkt.com/fc-sevilla/transfers/verein/368/saison_id/2015
145,spain,https://transfermarkt.com/fc-villarreal/transfers/verein/1050/saison_id/2015
146,spain,https://transfermarkt.com/athletic-bilbao/transfers/verein/621/saison_id/2015
147,spain,https://transfermarkt.com/celta-vigo/transfers/verein/940/saison_id/2015
148,spain,https://transfermarkt.com/fc-malaga/transfers/verein/1084/saison_id/2015
149,spain,https://transfermarkt.com/espanyol-barcelona/transfers/verein/714/saison_id/2015
150,spain,https://transfermarkt.com/rayo-vallecano/transfers/verein/367/saison_id/2015
151,spain,https://transfermarkt.com/real-sociedad-san-sebastian/transfers/verein/681/saison_id/2015
152,spain,https://transfermarkt.com/ud-levante/transfers/verein/3368/saison_id/2015
153,spain,https://transfermarkt.com/fc-getafe/transfers/verein/3709/saison_id/2015
154,spain,https://transfermarkt.com/deportivo-la-coruna/transfers/verein/897/saison_id/2015
155,spain,https://transfermarkt.com/fc-granada/transfers/verein/16795/saison_id/2015
156,spain,https://transfermarkt.com/sd-eibar/transfers/verein/1533/saison_id/2015
157,spain,https://transfermarkt.com/ud-las-palmas/transfers/verein/472/saison_id/2015
158,spain,https://transfermarkt.com/sporting-gijon/transfers/verein/2448/saison_id/2015
159,spain,https://transfermarkt.com/real-betis-sevilla/transfers/verein/150/saison_id/2015
160,spain,https://transfermarkt.com/fc-barcelona/transfers/verein/131/saison_id/2016
161,spain,https://transfermarkt.com/real-madrid/transfers/verein/418/saison_id/2016
162,spain,https://transfermarkt.com/atletico-madrid/transfers/verein/13/saison_id/2016
163,spain,https://transfermarkt.com/athletic-bilbao/transfers/verein/621/saison_id/2016
164,spain,https://transfermarkt.com/fc-villarreal/transfers/verein/1050/saison_id/2016
165,spain,https://transfermarkt.com/real-betis-sevilla/transfers/verein/150/saison_id/2016
166,spain,https://transfermarkt.com/fc-sevilla/transfers/verein/368/saison_id/2016
167,spain,https://transfermarkt.com/deportivo-alaves/transfers/verein/1108/saison_id/2016
168,spain,https://transfermarkt.com/cd-leganes/transfers/verein/1244/saison_id/2016
169,spain,https://transfermarkt.com/espanyol-barcelona/transfers/verein/714/saison_id/2016
170,spain,https://transfermarkt.com/fc-granada/transfers/verein/16795/saison_id/2016
171,spain,https://transfermarkt.com/sd-eibar/transfers/verein/1533/saison_id/2016
172,spain,https://transfermarkt.com/celta-vigo/transfers/verein/940/saison_id/2016
173,spain,https://transfermarkt.com/sporting-gijon/transfers/verein/2448/saison_id/2016
174,spain,https://transfermarkt.com/deportivo-la-coruna/transfers/verein/897/saison_id/2016
175,spain,https://transfermarkt.com/real-sociedad-san-sebastian/transfers/verein/681/saison_id/2016
176,spain,https://transfermarkt.com/fc-malaga/transfers/verein/1084/saison_id/2016
177,spain,https://transfermarkt.com/fc-valencia/transfers/verein/1049/saison_id/2016
178,spain,https://transfermarkt.com/ud-las-palmas/transfers/verein/472/saison_id/2016
179,spain,https://transfermarkt.com/ca-osasuna/transfers/verein/331/saison_id/2016
180,spain,https://transfermarkt.com/real-madrid/transfers/verein/418/saison_id/2017
181,spain,https://transfermarkt.com/fc-barcelona/transfers/verein/131/saison_id/2017
182,spain,https://transfermarkt.com/atletico-madrid/transfers/verein/13/saison_id/2017
183,spain,https://transfermarkt.com/fc-sevilla/transfers/verein/368/saison_id/2017
184,spain,https://transfermarkt.com/fc-villarreal/transfers/verein/1050/saison_id/2017
185,spain,https://transfermarkt.com/real-sociedad-san-sebastian/transfers/verein/681/saison_id/2017
186,spain,https://transfermarkt.com/athletic-bilbao/transfers/verein/621/saison_id/2017
187,spain,https://transfermarkt.com/espanyol-barcelona/transfers/verein/714/saison_id/2017
188,spain,https://transfermarkt.com/deportivo-alaves/transfers/verein/1108/saison_id/2017
189,spain,https://transfermarkt.com/sd-eibar/transfers/verein/1533/saison_id/2017
190,spain,https://transfermarkt.com/fc-malaga/transfers/verein/1084/saison_id/2017
191,spain,https://transfermarkt.com/fc-valencia/transfers/verein/1049/saison_id/2017
192,spain,https://transfermarkt.com/celta-vigo/transfers/verein/940/saison_id/2017
193,spain,https://transfermarkt.com/ud-las-palmas/transfers/verein/472/saison_id/2017
194,spain,https://transfermarkt.com/real-betis-sevilla/transfers/verein/150/saison_id/2017
195,spain,https://transfermarkt.com/deportivo-la-coruna/transfers/verein/897/saison_id/2017
196,spain,https://transfermarkt.com/cd-leganes/transfers/verein/1244/saison_id/2017
197,spain,https://transfermarkt.com/ud-levante/transfers/verein/3368/saison_id/2017
198,spain,https://transfermarkt.com/fc-girona/transfers/verein/12321/saison_id/2017
199,spain,https://transfermarkt.com/fc-getafe/transfers/verein/3709/saison_id/2017
200,spain,https://transfermarkt.com/athletic-bilbao/transfers/verein/621/saison_id/2018
201,spain,https://transfermarkt.com/atletico-madrid/transfers/verein/13/saison_id/2018
202,spain,https://transfermarkt.com/cd-leganes/transfers/verein/1244/saison_id/2018
203,spain,https://transfermarkt.com/deportivo-alaves/transfers/verein/1108/saison_id/2018
204,spain,https://transfermarkt.com/fc-barcelona/transfers/verein/131/saison_id/2018
205,spain,https://transfermarkt.com/fc-getafe/transfers/verein/3709/saison_id/2018
206,spain,https://transfermarkt.com/fc-girona/transfers/verein/12321/saison_id/2018
207,spain,https://transfermarkt.com/ud-levante/transfers/verein/3368/saison_id/2018
208,spain,https://transfermarkt.com/celta-vigo/transfers/verein/940/saison_id/2018
209,spain,https://transfermarkt.com/espanyol-barcelona/transfers/verein/714/saison_id/2018
210,spain,https://transfermarkt.com/real-betis-sevilla/transfers/verein/150/saison_id/2018
211,spain,https://transfermarkt.com/real-madrid/transfers/verein/418/saison_id/2018
212,spain,https://transfermarkt.com/real-sociedad-san-sebastian/transfers/verein/681/saison_id/2018
213,spain,https://transfermarkt.com/sd-eibar/transfers/verein/1533/saison_id/2018
214,spain,https://transfermarkt.com/fc-sevilla/transfers/verein/368/saison_id/2018
215,spain,https://transfermarkt.com/fc-valencia/transfers/verein/1049/saison_id/2018
216,spain,https://transfermarkt.com/fc-villarreal/transfers/verein/1050/saison_id/2018
217,spain,https://transfermarkt.com/sd-huesca/transfers/verein/5358/saison_id/2018
218,spain,https://transfermarkt.com/rayo-vallecano/transfers/verein/367/saison_id/2018
219,spain,https://transfermarkt.com/real-valladolid/transfers/verein/366/saison_id/2018
220,spain,https://transfermarkt.com/fc-barcelona/transfers/verein/131/saison_id/2019
221,spain,https://transfermarkt.com/atletico-madrid/transfers/verein/13/saison_id/2019
222,spain,https://transfermarkt.com/real-madrid/transfers/verein/418/saison_id/2019
223,spain,https://transfermarkt.com/fc-getafe/transfers/verein/3709/saison_id/2019
224,spain,https://transfermarkt.com/fc-valencia/transfers/verein/1049/saison_id/2019
225,spain,https://transfermarkt.com/fc-sevilla/transfers/verein/368/saison_id/2019
226,spain,https://transfermarkt.com/athletic-bilbao/transfers/verein/621/saison_id/2019
227,spain,https://transfermarkt.com/real-sociedad-san-sebastian/transfers/verein/681/saison_id/2019
228,spain,https://transfermarkt.com/espanyol-barcelona/transfers/verein/714/saison_id/2019
229,spain,https://transfermarkt.com/deportivo-alaves/transfers/verein/1108/saison_id/2019
230,spain,https://transfermarkt.com/sd-eibar/transfers/verein/1533/saison_id/2019
231,spain,https://transfermarkt.com/cd-leganes/transfers/verein/1244/saison_id/2019
232,spain,https://transfermarkt.com/real-betis-sevilla/transfers/verein/150/saison_id/2019
233,spain,https://transfermarkt.com/fc-villarreal/transfers/verein/1050/saison_id/2019
234,spain,https://transfermarkt.com/ud-levante/transfers/verein/3368/saison_id/2019
235,spain,https://transfermarkt.com/real-valladolid/transfers/verein/366/saison_id/2019
236,spain,https://transfermarkt.com/celta-vigo/transfers/verein/940/saison_id/2019
237,spain,https://transfermarkt.com/ca-osasuna/transfers/verein/331/saison_id/2019
238,spain,https://transfermarkt.com/fc-granada/transfers/verein/16795/saison_id/2019
239,spain,https://transfermarkt.com/rcd-mallorca/transfers/verein/237/saison_id/2019
240,spain,https://transfermarkt.com/real-madrid/transfers/verein/418/saison_id/2020
241,spain,https://transfermarkt.com/fc-barcelona/transfers/verein/131/saison_id/2020
242,spain,https://transfermarkt.com/atletico-madrid/transfers/verein/13/saison_id/2020
243,spain,https://transfermarkt.com/fc-sevilla/transfers/verein/368/saison_id/2020
244,spain,https://transfermarkt.com/fc-villarreal/transfers/verein/1050/saison_id/2020
245,spain,https://transfermarkt.com/fc-getafe/transfers/verein/3709/saison_id/2020
246,spain,https://transfermarkt.com/real-sociedad-san-sebastian/transfers/verein/681/saison_id/2020
247,spain,https://transfermarkt.com/fc-valencia/transfers/verein/1049/saison_id/2020
248,spain,https://transfermarkt.com/athletic-bilbao/transfers/verein/621/saison_id/2020
249,spain,https://transfermarkt.com/fc-granada/transfers/verein/16795/saison_id/2020
250,spain,https://transfermarkt.com/ca-osasuna/transfers/verein/331/saison_id/2020
251,spain,https://transfermarkt.com/ud-levante/transfers/verein/3368/saison_id/2020
252,spain,https://transfermarkt.com/real-betis-sevilla/transfers/verein/150/saison_id/2020
253,spain,https://transfermarkt.com/real-valladolid/transfers/verein/366/saison_id/2020
254,spain,https://transfermarkt.com/fc-cadiz/transfers/verein/2687/saison_id/2020
255,spain,https://transfermarkt.com/sd-eibar/transfers/verein/1533/saison_id/2020
256,spain,https://transfermarkt.com/deportivo-alaves/transfers/verein/1108/saison_id/2020
257,spain,https://transfermarkt.com/sd-huesca/transfers/verein/5358/saison_id/2020
258,spain,https://transfermarkt.com/celta-vigo/transfers/verein/940/saison_id/2020
259,spain,https://transfermarkt.com/fc-elche/transfers/verein/1531/saison_id/2020
260,spain,https://transfermarkt.com/atletico-madrid/transfers/verein/13/saison_id/2021
261,spain,https://transfermarkt.com/fc-barcelona/transfers/verein/131/saison_id/2021
262,spain,https://transfermarkt.com/real-madrid/transfers/verein/418/saison_id/2021
263,spain,https://transfermarkt.com/fc-sevilla/transfers/verein/368/saison_id/2021
264,spain,https://transfermarkt.com/real-sociedad-san-sebastian/transfers/verein/681/saison_id/2021
265,spain,https://transfermarkt.com/fc-villarreal/transfers/verein/1050/saison_id/2021
266,spain,https://transfermarkt.com/real-betis-sevilla/transfers/verein/150/saison_id/2021
267,spain,https://transfermarkt.com/athletic-bilbao/transfers/verein/621/saison_id/2021
268,spain,https://transfermarkt.com/fc-granada/transfers/verein/16795/saison_id/2021
269,spain,https://transfermarkt.com/celta-vigo/transfers/verein/940/saison_id/2021
270,spain,https://transfermarkt.com/fc-cadiz/transfers/verein/2687/saison_id/2021
271,spain,https://transfermarkt.com/espanyol-barcelona/transfers/verein/714/saison_id/2021
272,spain,https://transfermarkt.com/ca-osasuna/transfers/verein/331/saison_id/2021
273,spain,https://transfermarkt.com/ud-levante/transfers/verein/3368/saison_id/2021
274,spain,https://transfermarkt.com/fc-valencia/transfers/verein/1049/saison_id/2021
275,spain,https://transfermarkt.com/fc-getafe/transfers/verein/3709/saison_id/2021
276,spain,https://transfermarkt.com/deportivo-alaves/transfers/verein/1108/saison_id/2021
277,spain,https://transfermarkt.com/fc-elche/transfers/verein/1531/saison_id/2021
278,spain,https://transfermarkt.com/rcd-mallorca/transfers/verein/237/saison_id/2021
279,spain,https://transfermarkt.com/rayo-vallecano/transfers/verein/367/saison_id/2021
280,germany,https://transfermarkt.com/fc-bayern-munchen/transfers/verein/27/saison_id/2015
281,germany,https://transfermarkt.com/vfl-wolfsburg/transfers/verein/82/saison_id/2015
282,germany,https://transfermarkt.com/borussia-monchengladbach/transfers/verein/18/saison_id/2015
283,germany,https://transfermarkt.com/bayer-04-leverkusen/transfers/verein/15/saison_id/2015
284,germany,https://transfermarkt.com/fc-augsburg/transfers/verein/167/saison_id/2015
285,germany,https://transfermarkt.com/fc-schalke-04/transfers/verein/33/saison_id/2015
286,germany,https://transfermarkt.com/borussia-dortmund/transfers/verein/16/saison_id/2015
287,germany,https://transfermarkt.com/tsg-1899-hoffenheim/transfers/verein/533/saison_id/2015
288,germany,https://transfermarkt.com/eintracht-frankfurt/transfers/verein/24/saison_id/2015
289,germany,https://transfermarkt.com/sv-werder-bremen/transfers/verein/86/saison_id/2015
290,germany,https://transfermarkt.com/1-fsv-mainz-05/transfers/verein/39/saison_id/2015
291,germany,https://transfermarkt.com/1-fc-koln/transfers/verein/3/saison_id/2015
292,germany,https://transfermarkt.com/hannover-96/transfers/verein/42/saison_id/2015
293,germany,https://transfermarkt.com/vfb-stuttgart/transfers/verein/79/saison_id/2015
294,germany,https://transfermarkt.com/hertha-bsc/transfers/verein/44/saison_id/2015
295,germany,https://transfermarkt.com/hamburger-sv/transfers/verein/41/saison_id/2015
296,germany,https://transfermarkt.com/fc-ingolstadt-04/transfers/verein/4795/saison_id/2015
297,germany,https://transfermarkt.com/sv-darmstadt-98/transfers/verein/105/saison_id/2015
298,germany,https://transfermarkt.com/fc-bayern-munchen/transfers/verein/27/saison_id/2016
299,germany,https://transfermarkt.com/borussia-dortmund/transfers/verein/16/saison_id/2016
300,germany,https://transfermarkt.com/bayer-04-leverkusen/transfers/verein/15/saison_id/2016
301,germany,https://transfermarkt.com/borussia-monchengladbach/transfers/verein/18/saison_id/2016
302,germany,https://transfermarkt.com/fc-schalke-04/transfers/verein/33/saison_id/2016
303,germany,https://transfermarkt.com/1-fsv-mainz-05/transfers/verein/39/saison_id/2016
304,germany,https://transfermarkt.com/hertha-bsc/transfers/verein/44/saison_id/2016
305,germany,https://transfermarkt.com/vfl-wolfsburg/transfers/verein/82/saison_id/2016
306,germany,https://transfermarkt.com/1-fc-koln/transfers/verein/3/saison_id/2016
307,germany,https://transfermarkt.com/hamburger-sv/transfers/verein/41/saison_id/2016
308,germany,https://transfermarkt.com/fc-ingolstadt-04/transfers/verein/4795/saison_id/2016
309,germany,https://transfermarkt.com/fc-augsburg/transfers/verein/167/saison_id/2016
310,germany,https://transfermarkt.com/sv-werder-bremen/transfers/verein/86/saison_id/2016
311,germany,https://transfermarkt.com/sv-darmstadt-98/transfers/verein/105/saison_id/2016
312,germany,https://transfermarkt.com/tsg-1899-hoffenheim/transfers/verein/533/saison_id/2016
313,germany,https://transfermarkt.com/eintracht-frankfurt/transfers/verein/24/saison_id/2016
314,germany,https://transfermarkt.com/sc-freiburg/transfers/verein/60/saison_id/2016
315,germany,https://transfermarkt.com/rasenballsport-leipzig/transfers/verein/23826/saison_id/2016
316,germany,https://transfermarkt.com/fc-bayern-munchen/transfers/verein/27/saison_id/2017
317,germany,https://transfermarkt.com/rasenballsport-leipzig/transfers/verein/23826/saison_id/2017
318,germany,https://transfermarkt.com/borussia-dortmund/transfers/verein/16/saison_id/2017
319,germany,https://transfermarkt.com/tsg-1899-hoffenheim/transfers/verein/533/saison_id/2017
320,germany,https://transfermarkt.com/1-fc-koln/transfers/verein/3/saison_id/2017
321,germany,https://transfermarkt.com/hertha-bsc/transfers/verein/44/saison_id/2017
322,germany,https://transfermarkt.com/sc-freiburg/transfers/verein/60/saison_id/2017
323,germany,https://transfermarkt.com/sv-werder-bremen/transfers/verein/86/saison_id/2017
324,germany,https://transfermarkt.com/borussia-monchengladbach/transfers/verein/18/saison_id/2017
325,germany,https://transfermarkt.com/fc-schalke-04/transfers/verein/33/saison_id/2017
326,germany,https://transfermarkt.com/eintracht-frankfurt/transfers/verein/24/saison_id/2017
327,germany,https://transfermarkt.com/bayer-04-leverkusen/transfers/verein/15/saison_id/2017
328,germany,https://transfermarkt.com/fc-augsburg/transfers/verein/167/saison_id/2017
329,germany,https://transfermarkt.com/hamburger-sv/transfers/verein/41/saison_id/2017
330,germany,https://transfermarkt.com/1-fsv-mainz-05/transfers/verein/39/saison_id/2017
331,germany,https://transfermarkt.com/vfl-wolfsburg/transfers/verein/82/saison_id/2017
332,germany,https://transfermarkt.com/vfb-stuttgart/transfers/verein/79/saison_id/2017
333,germany,https://transfermarkt.com/hannover-96/transfers/verein/42/saison_id/2017
334,germany,https://transfermarkt.com/fc-bayern-munchen/transfers/verein/27/saison_id/2018
335,germany,https://transfermarkt.com/fc-schalke-04/transfers/verein/33/saison_id/2018
336,germany,https://transfermarkt.com/tsg-1899-hoffenheim/transfers/verein/533/saison_id/2018
337,germany,https://transfermarkt.com/borussia-dortmund/transfers/verein/16/saison_id/2018
338,germany,https://transfermarkt.com/bayer-04-leverkusen/transfers/verein/15/saison_id/2018
339,germany,https://transfermarkt.com/rasenballsport-leipzig/transfers/verein/23826/saison_id/2018
340,germany,https://transfermarkt.com/vfb-stuttgart/transfers/verein/79/saison_id/2018
341,germany,https://transfermarkt.com/eintracht-frankfurt/transfers/verein/24/saison_id/2018
342,germany,https://transfermarkt.com/borussia-monchengladbach/transfers/verein/18/saison_id/2018
343,germany,https://transfermarkt.com/hertha-bsc/transfers/verein/44/saison_id/2018
344,germany,https://transfermarkt.com/sv-werder-bremen/transfers/verein/86/saison_id/2018
345,germany,https://transfermarkt.com/fc-augsburg/transfers/verein/167/saison_id/2018
346,germany,https://transfermarkt.com/hannover-96/transfers/verein/42/saison_id/2018
347,germany,https://transfermarkt.com/1-fsv-mainz-05/transfers/verein/39/saison_id/2018
348,germany,https://transfermarkt.com/sc-freiburg/transfers/verein/60/saison_id/2018
349,germany,https://transfermarkt.com/vfl-wolfsburg/transfers/verein/82/saison_id/2018
350,germany,https://transfermarkt.com/fortuna-dusseldorf/transfers/verein/38/saison_id/2018
351,germany,https://transfermarkt.com/1-fc-nurnberg/transfers/verein/4/saison_id/2018
352,germany,https://transfermarkt.com/fc-bayern-munchen/transfers/verein/27/saison_id/2019
353,germany,https://transfermarkt.com/borussia-dortmund/transfers/verein/16/saison_id/2019
354,germany,https://transfermarkt.com/rasenballsport-leipzig/transfers/verein/23826/saison_id/2019
355,germany,https://transfermarkt.com/bayer-04-leverkusen/transfers/verein/15/saison_id/2019
356,germany,https://transfermarkt.com/borussia-monchengladbach/transfers/verein/18/saison_id/2019
357,germany,https://transfermarkt.com/vfl-wolfsburg/transfers/verein/82/saison_id/2019
358,germany,https://transfermarkt.com/eintracht-frankfurt/transfers/verein/24/saison_id/2019
359,germany,https://transfermarkt.com/sv-werder-bremen/transfers/verein/86/saison_id/2019
360,germany,https://transfermarkt.com/tsg-1899-hoffenheim/transfers/verein/533/saison_id/2019
361,germany,https://transfermarkt.com/fortuna-dusseldorf/transfers/verein/38/saison_id/2019
362,germany,https://transfermarkt.com/hertha-bsc/transfers/verein/44/saison_id/2019
363,germany,https://transfermarkt.com/1-fsv-mainz-05/transfers/verein/39/saison_id/2019
364,germany,https://transfermarkt.com/sc-freiburg/transfers/verein/60/saison_id/2019
365,germany,https://transfermarkt.com/fc-schalke-04/transfers/verein/33/saison_id/2019
366,germany,https://transfermarkt.com/fc-augsburg/transfers/verein/167/saison_id/2019
367,germany,https://transfermarkt.com/1-fc-koln/transfers/verein/3/saison_id/2019
368,germany,https://transfermarkt.com/sc-paderborn-07/transfers/verein/127/saison_id/2019
369,germany,https://transfermarkt.com/1-fc-union-berlin/transfers/verein/89/saison_id/2019
370,germany,https://transfermarkt.com/fc-bayern-munchen/transfers/verein/27/saison_id/2020
371,germany,https://transfermarkt.com/borussia-dortmund/transfers/verein/16/saison_id/2020
372,germany,https://transfermarkt.com/rasenballsport-leipzig/transfers/verein/23826/saison_id/2020
373,germany,https://transfermarkt.com/borussia-monchengladbach/transfers/verein/18/saison_id/2020
374,germany,https://transfermarkt.com/bayer-04-leverkusen/transfers/verein/15/saison_id/2020
375,germany,https://transfermarkt.com/tsg-1899-hoffenheim/transfers/verein/533/saison_id/2020
376,germany,https://transfermarkt.com/vfl-wolfsburg/transfers/verein/82/saison_id/2020
377,germany,https://transfermarkt.com/sc-freiburg/transfers/verein/60/saison_id/2020
378,germany,https://transfermarkt.com/eintracht-frankfurt/transfers/verein/24/saison_id/2020
379,germany,https://transfermarkt.com/hertha-bsc/transfers/verein/44/saison_id/2020
380,germany,https://transfermarkt.com/1-fc-union-berlin/transfers/verein/89/saison_id/2020
381,germany,https://transfermarkt.com/fc-schalke-04/transfers/verein/33/saison_id/2020
382,germany,https://transfermarkt.com/1-fsv-mainz-05/transfers/verein/39/saison_id/2020
383,germany,https://transfermarkt.com/1-fc-koln/transfers/verein/3/saison_id/2020
384,germany,https://transfermarkt.com/fc-augsburg/transfers/verein/167/saison_id/2020
385,germany,https://transfermarkt.com/sv-werder-bremen/transfers/verein/86/saison_id/2020
386,germany,https://transfermarkt.com/arminia-bielefeld/transfers/verein/10/saison_id/2020
387,germany,https://transfermarkt.com/vfb-stuttgart/transfers/verein/79/saison_id/2020
388,germany,https://transfermarkt.com/fc-bayern-munchen/transfers/verein/27/saison_id/2021
389,germany,https://transfermarkt.com/rasenballsport-leipzig/transfers/verein/23826/saison_id/2021
390,germany,https://transfermarkt.com/borussia-dortmund/transfers/verein/16/saison_id/2021
391,germany,https://transfermarkt.com/vfl-wolfsburg/transfers/verein/82/saison_id/2021
392,germany,https://transfermarkt.com/eintracht-frankfurt/transfers/verein/24/saison_id/2021
393,germany,https://transfermarkt.com/bayer-04-leverkusen/transfers/verein/15/saison_id/2021
394,germany,https://transfermarkt.com/1-fc-union-berlin/transfers/verein/89/saison_id/2021
395,germany,https://transfermarkt.com/borussia-monchengladbach/transfers/verein/18/saison_id/2021
396,germany,https://transfermarkt.com/vfb-stuttgart/transfers/verein/79/saison_id/2021
397,germany,https://transfermarkt.com/sc-freiburg/transfers/verein/60/saison_id/2021
398,germany,https://transfermarkt.com/tsg-1899-hoffenheim/transfers/verein/533/saison_id/2021
399,germany,https://transfermarkt.com/1-fsv-mainz-05/transfers/verein/39/saison_id/2021
400,germany,https://transfermarkt.com/fc-augsburg/transfers/verein/167/saison_id/2021
401,germany,https://transfermarkt.com/hertha-bsc/transfers/verein/44/saison_id/2021
402,germany,https://transfermarkt.com/arminia-bielefeld/transfers/verein/10/saison_id/2021
403,germany,https://transfermarkt.com/1-fc-koln/transfers/verein/3/saison_id/2021
404,germany,https://transfermarkt.com/vfl-bochum/transfers/verein/80/saison_id/2021
405,germany,https://transfermarkt.com/spvgg-greuther-furth/transfers/verein/65/saison_id/2021
406,italy,https://transfermarkt.com/juventus-turin/transfers/verein/506/saison_id/2015
407,italy,https://transfermarkt.com/as-rom/transfers/verein/12/saison_id/2015
408,italy,https://transfermarkt.com/lazio-rom/transfers/verein/398/saison_id/2015
409,italy,https://transfermarkt.com/ac-florenz/transfers/verein/430/saison_id/2015
410,italy,https://transfermarkt.com/ssc-neapel/transfers/verein/6195/saison_id/2015
411,italy,https://transfermarkt.com/genua-cfc/transfers/verein/252/saison_id/2015
412,italy,https://transfermarkt.com/sampdoria-genua/transfers/verein/1038/saison_id/2015
413,italy,https://transfermarkt.com/inter-mailand/transfers/verein/46/saison_id/2015
414,italy,https://transfermarkt.com/fc-turin/transfers/verein/416/saison_id/2015
415,italy,https://transfermarkt.com/ac-mailand/transfers/verein/5/saison_id/2015
416,italy,https://transfermarkt.com/palermo-fc/transfers/verein/458/saison_id/2015
417,italy,https://transfermarkt.com/us-sassuolo/transfers/verein/6574/saison_id/2015
418,italy,https://transfermarkt.com/hellas-verona/transfers/verein/276/saison_id/2015
419,italy,https://transfermarkt.com/chievo-verona/transfers/verein/862/saison_id/2015
420,italy,https://transfermarkt.com/fc-empoli/transfers/verein/749/saison_id/2015
421,italy,https://transfermarkt.com/udinese-calcio/transfers/verein/410/saison_id/2015
422,italy,https://transfermarkt.com/atalanta-bergamo/transfers/verein/800/saison_id/2015
423,italy,https://transfermarkt.com/fc-bologna/transfers/verein/1025/saison_id/2015
424,italy,https://transfermarkt.com/carpi-fc-1909/transfers/verein/4102/saison_id/2015
425,italy,https://transfermarkt.com/frosinone-calcio/transfers/verein/8970/saison_id/2015
426,italy,https://transfermarkt.com/atalanta-bergamo/transfers/verein/800/saison_id/2016
427,italy,https://transfermarkt.com/fc-bologna/transfers/verein/1025/saison_id/2016
428,italy,https://transfermarkt.com/cagliari-calcio/transfers/verein/1390/saison_id/2016
429,italy,https://transfermarkt.com/chievo-verona/transfers/verein/862/saison_id/2016
430,italy,https://transfermarkt.com/fc-crotone/transfers/verein/4083/saison_id/2016
431,italy,https://transfermarkt.com/fc-empoli/transfers/verein/749/saison_id/2016
432,italy,https://transfermarkt.com/ac-florenz/transfers/verein/430/saison_id/2016
433,italy,https://transfermarkt.com/genua-cfc/transfers/verein/252/saison_id/2016
434,italy,https://transfermarkt.com/inter-mailand/transfers/verein/46/saison_id/2016
435,italy,https://transfermarkt.com/juventus-turin/transfers/verein/506/saison_id/2016
436,italy,https://transfermarkt.com/lazio-rom/transfers/verein/398/saison_id/2016
437,italy,https://transfermarkt.com/ac-mailand/transfers/verein/5/saison_id/2016
438,italy,https://transfermarkt.com/ssc-neapel/transfers/verein/6195/saison_id/2016
439,italy,https://transfermarkt.com/palermo-fc/transfers/verein/458/saison_id/2016
440,italy,https://transfermarkt.com/delfino-pescara-1936/transfers/verein/2921/saison_id/2016
441,italy,https://transfermarkt.com/as-rom/transfers/verein/12/saison_id/2016
442,italy,https://transfermarkt.com/sampdoria-genua/transfers/verein/1038/saison_id/2016
443,italy,https://transfermarkt.com/us-sassuolo/transfers/verein/6574/saison_id/2016
444,italy,https://transfermarkt.com/fc-turin/transfers/verein/416/saison_id/2016
445,italy,https://transfermarkt.com/udinese-calcio/transfers/verein/410/saison_id/2016
446,italy,https://transfermarkt.com/atalanta-bergamo/transfers/verein/800/saison_id/2017
447,italy,https://transfermarkt.com/benevento-calcio/transfers/verein/4171/saison_id/2017
448,italy,https://transfermarkt.com/fc-bologna/transfers/verein/1025/saison_id/2017
449,italy,https://transfermarkt.com/cagliari-calcio/transfers/verein/1390/saison_id/2017
450,italy,https://transfermarkt.com/chievo-verona/transfers/verein/862/saison_id/2017
451,italy,https://transfermarkt.com/fc-crotone/transfers/verein/4083/saison_id/2017
452,italy,https://transfermarkt.com/ac-florenz/transfers/verein/430/saison_id/2017
453,italy,https://transfermarkt.com/genua-cfc/transfers/verein/252/saison_id/2017
454,italy,https://transfermarkt.com/hellas-verona/transfers/verein/276/saison_id/2017
455,italy,https://transfermarkt.com/inter-mailand/transfers/verein/46/saison_id/2017
456,italy,https://transfermarkt.com/juventus-turin/transfers/verein/506/saison_id/2017
457,italy,https://transfermarkt.com/lazio-rom/transfers/verein/398/saison_id/2017
458,italy,https://transfermarkt.com/ac-mailand/transfers/verein/5/saison_id/2017
459,italy,https://transfermarkt.com/ssc-neapel/transfers/verein/6195/saison_id/2017
460,italy,https://transfermarkt.com/as-rom/transfers/verein/12/saison_id/2017
461,italy,https://transfermarkt.com/sampdoria-genua/transfers/verein/1038/saison_id/2017
462,italy,https://transfermarkt.com/us-sassuolo/transfers/verein/6574/saison_id/2017
463,italy,https://transfermarkt.com/spal/transfers/verein/2722/saison_id/2017
464,italy,https://transfermarkt.com/fc-turin/transfers/verein/416/saison_id/2017
465,italy,https://transfermarkt.com/udinese-calcio/transfers/verein/410/saison_id/2017
466,italy,https://transfermarkt.com/atalanta-bergamo/transfers/verein/800/saison_id/2018
467,italy,https://transfermarkt.com/fc-bologna/transfers/verein/1025/saison_id/2018
468,italy,https://transfermarkt.com/cagliari-calcio/transfers/verein/1390/saison_id/2018
469,italy,https://transfermarkt.com/chievo-verona/transfers/verein/862/saison_id/2018
470,italy,https://transfermarkt.com/fc-empoli/transfers/verein/749/saison_id/2018
471,italy,https://transfermarkt.com/ac-florenz/transfers/verein/430/saison_id/2018
472,italy,https://transfermarkt.com/frosinone-calcio/transfers/verein/8970/saison_id/2018
473,italy,https://transfermarkt.com/genua-cfc/transfers/verein/252/saison_id/2018
474,italy,https://transfermarkt.com/inter-mailand/transfers/verein/46/saison_id/2018
475,italy,https://transfermarkt.com/juventus-turin/transfers/verein/506/saison_id/2018
476,italy,https://transfermarkt.com/lazio-rom/transfers/verein/398/saison_id/2018
477,italy,https://transfermarkt.com/ac-mailand/transfers/verein/5/saison_id/2018
478,italy,https://transfermarkt.com/ssc-neapel/transfers/verein/6195/saison_id/2018
479,italy,https://transfermarkt.com/parma-calcio-1913/transfers/verein/130/saison_id/2018
480,italy,https://transfermarkt.com/as-rom/transfers/verein/12/saison_id/2018
481,italy,https://transfermarkt.com/sampdoria-genua/transfers/verein/1038/saison_id/2018
482,italy,https://transfermarkt.com/us-sassuolo/transfers/verein/6574/saison_id/2018
483,italy,https://transfermarkt.com/spal/transfers/verein/2722/saison_id/2018
484,italy,https://transfermarkt.com/fc-turin/transfers/verein/416/saison_id/2018
485,italy,https://transfermarkt.com/udinese-calcio/transfers/verein/410/saison_id/2018
486,italy,https://transfermarkt.com/atalanta-bergamo/transfers/verein/800/saison_id/2019
487,italy,https://transfermarkt.com/fc-bologna/transfers/verein/1025/saison_id/2019
488,italy,https://transfermarkt.com/brescia-calcio/transfers/verein/19/saison_id/2019
489,italy,https://transfermarkt.com/cagliari-calcio/transfers/verein/1390/saison_id/2019
490,italy,https://transfermarkt.com/ac-florenz/transfers/verein/430/saison_id/2019
491,italy,https://transfermarkt.com/genua-cfc/transfers/verein/252/saison_id/2019
492,italy,https://transfermarkt.com/hellas-verona/transfers/verein/276/saison_id/2019
493,italy,https://transfermarkt.com/inter-mailand/transfers/verein/46/saison_id/2019
494,italy,https://transfermarkt.com/juventus-turin/transfers/verein/506/saison_id/2019
495,italy,https://transfermarkt.com/lazio-rom/transfers/verein/398/saison_id/2019
496,italy,https://transfermarkt.com/us-lecce/transfers/verein/1005/saison_id/2019
497,italy,https://transfermarkt.com/ac-mailand/transfers/verein/5/saison_id/2019
498,italy,https://transfermarkt.com/ssc-neapel/transfers/verein/6195/saison_id/2019
499,italy,https://transfermarkt.com/parma-calcio-1913/transfers/verein/130/saison_id/2019
500,italy,https://transfermarkt.com/as-rom/transfers/verein/12/saison_id/2019
501,italy,https://transfermarkt.com/sampdoria-genua/transfers/verein/1038/saison_id/2019
502,italy,https://transfermarkt.com/us-sassuolo/transfers/verein/6574/saison_id/2019
503,italy,https://transfermarkt.com/spal/transfers/verein/2722/saison_id/2019
504,italy,https://transfermarkt.com/fc-turin/transfers/verein/416/saison_id/2019
505,italy,https://transfermarkt.com/udinese-calcio/transfers/verein/410/saison_id/2019
506,italy,https://transfermarkt.com/atalanta-bergamo/transfers/verein/800/saison_id/2020
507,italy,https://transfermarkt.com/benevento-calcio/transfers/verein/4171/saison_id/2020
508,italy,https://transfermarkt.com/fc-bologna/transfers/verein/1025/saison_id/2020
509,italy,https://transfermarkt.com/cagliari-calcio/transfers/verein/1390/saison_id/2020
510,italy,https://transfermarkt.com/fc-crotone/transfers/verein/4083/saison_id/2020
511,italy,https://transfermarkt.com/ac-florenz/transfers/verein/430/saison_id/2020
512,italy,https://transfermarkt.com/genua-cfc/transfers/verein/252/saison_id/2020
513,italy,https://transfermarkt.com/hellas-verona/transfers/verein/276/saison_id/2020
514,italy,https://transfermarkt.com/inter-mailand/transfers/verein/46/saison_id/2020
515,italy,https://transfermarkt.com/juventus-turin/transfers/verein/506/saison_id/2020
516,italy,https://transfermarkt.com/lazio-rom/transfers/verein/398/saison_id/2020
517,italy,https://transfermarkt.com/ac-mailand/transfers/verein/5/saison_id/2020
518,italy,https://transfermarkt.com/ssc-neapel/transfers/verein/6195/saison_id/2020
519,italy,https://transfermarkt.com/parma-calcio-1913/transfers/verein/130/saison_id/2020
520,italy,https://transfermarkt.com/as-rom/transfers/verein/12/saison_id/2020
521,italy,https://transfermarkt.com/sampdoria-genua/transfers/verein/1038/saison_id/2020
522,italy,https://transfermarkt.com/us-sassuolo/transfers/verein/6574/saison_id/2020
523,italy,https://transfermarkt.com/spezia-calcio/transfers/verein/3522/saison_id/2020
524,italy,https://transfermarkt.com/fc-turin/transfers/verein/416/saison_id/2020
525,italy,https://transfermarkt.com/udinese-calcio/transfers/verein/410/saison_id/2020
526,italy,https://transfermarkt.com/inter-mailand/transfers/verein/46/saison_id/2021
527,italy,https://transfermarkt.com/ac-mailand/transfers/verein/5/saison_id/2021
528,italy,https://transfermarkt.com/atalanta-bergamo/transfers/verein/800/saison_id/2021
529,italy,https://transfermarkt.com/juventus-turin/transfers/verein/506/saison_id/2021
530,italy,https://transfermarkt.com/ssc-neapel/transfers/verein/6195/saison_id/2021
531,italy,https://transfermarkt.com/lazio-rom/transfers/verein/398/saison_id/2021
532,italy,https://transfermarkt.com/as-rom/transfers/verein/12/saison_id/2021
533,italy,https://transfermarkt.com/us-sassuolo/transfers/verein/6574/saison_id/2021
534,italy,https://transfermarkt.com/sampdoria-genua/transfers/verein/1038/saison_id/2021
535,italy,https://transfermarkt.com/hellas-verona/transfers/verein/276/saison_id/2021
536,italy,https://transfermarkt.com/genua-cfc/transfers/verein/252/saison_id/2021
537,italy,https://transfermarkt.com/fc-bologna/transfers/verein/1025/saison_id/2021
538,italy,https://transfermarkt.com/udinese-calcio/transfers/verein/410/saison_id/2021
539,italy,https://transfermarkt.com/ac-florenz/transfers/verein/430/saison_id/2021
540,italy,https://transfermarkt.com/spezia-calcio/transfers/verein/3522/saison_id/2021
541,italy,https://transfermarkt.com/cagliari-calcio/transfers/verein/1390/saison_id/2021
542,italy,https://transfermarkt.com/fc-turin/transfers/verein/416/saison_id/2021
543,italy,https://transfermarkt.com/fc-empoli/transfers/verein/749/saison_id/2021
544,italy,https://transfermarkt.com/us-salernitana-1919/transfers/verein/380/saison_id/2021
545,italy,https://transfermarkt.com/venezia-fc/transfers/verein/607/saison_id/2021
546,france,https://transfermarkt.com/fc-paris-saint-germain/transfers/verein/583/saison_id/2015
547,france,https://transfermarkt.com/olympique-lyon/transfers/verein/1041/saison_id/2015
548,france,https://transfermarkt.com/as-monaco/transfers/verein/162/saison_id/2015
549,france,https://transfermarkt.com/olympique-marseille/transfers/verein/244/saison_id/2015
550,france,https://transfermarkt.com/as-saint-etienne/transfers/verein/618/saison_id/2015
551,france,https://transfermarkt.com/fc-girondins-bordeaux/transfers/verein/40/saison_id/2015
552,france,https://transfermarkt.com/montpellier-hsc/transfers/verein/969/saison_id/2015
553,france,https://transfermarkt.com/losc-lille/transfers/verein/1082/saison_id/2015
554,france,https://transfermarkt.com/fc-stade-rennes/transfers/verein/273/saison_id/2015
555,france,https://transfermarkt.com/ea-guingamp/transfers/verein/855/saison_id/2015
556,france,https://transfermarkt.com/ogc-nizza/transfers/verein/417/saison_id/2015
557,france,https://transfermarkt.com/sc-bastia/transfers/verein/595/saison_id/2015
558,france,https://transfermarkt.com/sm-caen/transfers/verein/1162/saison_id/2015
559,france,https://transfermarkt.com/fc-nantes/transfers/verein/995/saison_id/2015
560,france,https://transfermarkt.com/stade-reims/transfers/verein/1421/saison_id/2015
561,france,https://transfermarkt.com/fc-lorient/transfers/verein/1158/saison_id/2015
562,france,https://transfermarkt.com/fc-toulouse/transfers/verein/415/saison_id/2015
563,france,https://transfermarkt.com/sco-angers/transfers/verein/1420/saison_id/2015
564,france,https://transfermarkt.com/es-troyes-ac/transfers/verein/1095/saison_id/2015
565,france,https://transfermarkt.com/gfc-ajaccio/transfers/verein/3558/saison_id/2015
566,france,https://transfermarkt.com/fc-paris-saint-germain/transfers/verein/583/saison_id/2016
567,france,https://transfermarkt.com/olympique-lyon/transfers/verein/1041/saison_id/2016
568,france,https://transfermarkt.com/as-monaco/transfers/verein/162/saison_id/2016
569,france,https://transfermarkt.com/ogc-nizza/transfers/verein/417/saison_id/2016
570,france,https://transfermarkt.com/losc-lille/transfers/verein/1082/saison_id/2016
571,france,https://transfermarkt.com/as-saint-etienne/transfers/verein/618/saison_id/2016
572,france,https://transfermarkt.com/sm-caen/transfers/verein/1162/saison_id/2016
573,france,https://transfermarkt.com/fc-stade-rennes/transfers/verein/273/saison_id/2016
574,france,https://transfermarkt.com/sco-angers/transfers/verein/1420/saison_id/2016
575,france,https://transfermarkt.com/sc-bastia/transfers/verein/595/saison_id/2016
576,france,https://transfermarkt.com/fc-girondins-bordeaux/transfers/verein/40/saison_id/2016
577,france,https://transfermarkt.com/montpellier-hsc/transfers/verein/969/saison_id/2016
578,france,https://transfermarkt.com/olympique-marseille/transfers/verein/244/saison_id/2016
579,france,https://transfermarkt.com/fc-nantes/transfers/verein/995/saison_id/2016
580,france,https://transfermarkt.com/fc-lorient/transfers/verein/1158/saison_id/2016
581,france,https://transfermarkt.com/ea-guingamp/transfers/verein/855/saison_id/2016
582,france,https://transfermarkt.com/fc-toulouse/transfers/verein/415/saison_id/2016
583,france,https://transfermarkt.com/as-nancy-lorraine/transfers/verein/1159/saison_id/2016
584,france,https://transfermarkt.com/dijon-fco/transfers/verein/2969/saison_id/2016
585,france,https://transfermarkt.com/fc-metz/transfers/verein/347/saison_id/2016
586,france,https://transfermarkt.com/amiens-sc/transfers/verein/1416/saison_id/2017
587,france,https://transfermarkt.com/sco-angers/transfers/verein/1420/saison_id/2017
588,france,https://transfermarkt.com/fc-girondins-bordeaux/transfers/verein/40/saison_id/2017
589,france,https://transfermarkt.com/sm-caen/transfers/verein/1162/saison_id/2017
590,france,https://transfermarkt.com/dijon-fco/transfers/verein/2969/saison_id/2017
591,france,https://transfermarkt.com/ea-guingamp/transfers/verein/855/saison_id/2017
592,france,https://transfermarkt.com/losc-lille/transfers/verein/1082/saison_id/2017
593,france,https://transfermarkt.com/olympique-lyon/transfers/verein/1041/saison_id/2017
594,france,https://transfermarkt.com/olympique-marseille/transfers/verein/244/saison_id/2017
595,france,https://transfermarkt.com/fc-metz/transfers/verein/347/saison_id/2017
596,france,https://transfermarkt.com/as-monaco/transfers/verein/162/saison_id/2017
597,france,https://transfermarkt.com/montpellier-hsc/transfers/verein/969/saison_id/2017
598,france,https://transfermarkt.com/fc-nantes/transfers/verein/995/saison_id/2017
599,france,https://transfermarkt.com/ogc-nizza/transfers/verein/417/saison_id/2017
600,france,https://transfermarkt.com/fc-paris-saint-germain/transfers/verein/583/saison_id/2017
601,france,https://transfermarkt.com/fc-stade-rennes/transfers/verein/273/saison_id/2017
602,france,https://transfermarkt.com/as-saint-etienne/transfers/verein/618/saison_id/2017
603,france,https://transfermarkt.com/rc-strassburg-alsace/transfers/verein/667/saison_id/2017
604,france,https://transfermarkt.com/fc-toulouse/transfers/verein/415/saison_id/2017
605,france,https://transfermarkt.com/es-troyes-ac/transfers/verein/1095/saison_id/2017
606,france,https://transfermarkt.com/amiens-sc/transfers/verein/1416/saison_id/2018
607,france,https://transfermarkt.com/sco-angers/transfers/verein/1420/saison_id/2018
608,france,https://transfermarkt.com/fc-girondins-bordeaux/transfers/verein/40/saison_id/2018
609,france,https://transfermarkt.com/sm-caen/transfers/verein/1162/saison_id/2018
610,france,https://transfermarkt.com/dijon-fco/transfers/verein/2969/saison_id/2018
611,france,https://transfermarkt.com/ea-guingamp/transfers/verein/855/saison_id/2018
612,france,https://transfermarkt.com/losc-lille/transfers/verein/1082/saison_id/2018
613,france,https://transfermarkt.com/olympique-lyon/transfers/verein/1041/saison_id/2018
614,france,https://transfermarkt.com/olympique-marseille/transfers/verein/244/saison_id/2018
615,france,https://transfermarkt.com/as-monaco/transfers/verein/162/saison_id/2018
616,france,https://transfermarkt.com/montpellier-hsc/transfers/verein/969/saison_id/2018
617,france,https://transfermarkt.com/fc-nantes/transfers/verein/995/saison_id/2018
618,france,https://transfermarkt.com/ogc-nizza/transfers/verein/417/saison_id/2018
619,france,https://transfermarkt.com/nimes-olympique/transfers/verein/1160/saison_id/2018
620,france,https://transfermarkt.com/fc-paris-saint-germain/transfers/verein/583/saison_id/2018
621,france,https://transfermarkt.com/stade-reims/transfers/verein/1421/saison_id/2018
622,france,https://transfermarkt.com/fc-stade-rennes/transfers/verein/273/saison_id/2018
623,france,https://transfermarkt.com/as-saint-etienne/transfers/verein/618/saison_id/2018
624,france,https://transfermarkt.com/rc-strassburg-alsace/transfers/verein/667/saison_id/2018
625,france,https://transfermarkt.com/fc-toulouse/transfers/verein/415/saison_id/2018
626,france,https://transfermarkt.com/amiens-sc/transfers/verein/1416/saison_id/2019
627,france,https://transfermarkt.com/sco-angers/transfers/verein/1420/saison_id/2019
628,france,https://transfermarkt.com/fc-girondins-bordeaux/transfers/verein/40/saison_id/2019
629,france,https://transfermarkt.com/stade-brest-29/transfers/verein/3911/saison_id/2019
630,france,https://transfermarkt.com/dijon-fco/transfers/verein/2969/saison_id/2019
631,france,https://transfermarkt.com/losc-lille/transfers/verein/1082/saison_id/2019
632,france,https://transfermarkt.com/olympique-lyon/transfers/verein/1041/saison_id/2019
633,france,https://transfermarkt.com/olympique-marseille/transfers/verein/244/saison_id/2019
634,france,https://transfermarkt.com/fc-metz/transfers/verein/347/saison_id/2019
635,france,https://transfermarkt.com/nimes-olympique/transfers/verein/1160/saison_id/2019
636,france,https://transfermarkt.com/as-monaco/transfers/verein/162/saison_id/2019
637,france,https://transfermarkt.com/montpellier-hsc/transfers/verein/969/saison_id/2019
638,france,https://transfermarkt.com/fc-nantes/transfers/verein/995/saison_id/2019
639,france,https://transfermarkt.com/ogc-nizza/transfers/verein/417/saison_id/2019
640,france,https://transfermarkt.com/fc-paris-saint-germain/transfers/verein/583/saison_id/2019
641,france,https://transfermarkt.com/stade-reims/transfers/verein/1421/saison_id/2019
642,france,https://transfermarkt.com/fc-stade-rennes/transfers/verein/273/saison_id/2019
643,france,https://transfermarkt.com/as-saint-etienne/transfers/verein/618/saison_id/2019
644,france,https://transfermarkt.com/rc-strassburg-alsace/transfers/verein/667/saison_id/2019
645,france,https://transfermarkt.com/fc-toulouse/transfers/verein/415/saison_id/2019
646,france,https://transfermarkt.com/fc-paris-saint-germain/transfers/verein/583/saison_id/2020
647,france,https://transfermarkt.com/olympique-marseille/transfers/verein/244/saison_id/2020
648,france,https://transfermarkt.com/fc-stade-rennes/transfers/verein/273/saison_id/2020
649,france,https://transfermarkt.com/losc-lille/transfers/verein/1082/saison_id/2020
650,france,https://transfermarkt.com/ogc-nizza/transfers/verein/417/saison_id/2020
651,france,https://transfermarkt.com/stade-reims/transfers/verein/1421/saison_id/2020
652,france,https://transfermarkt.com/olympique-lyon/transfers/verein/1041/saison_id/2020
653,france,https://transfermarkt.com/montpellier-hsc/transfers/verein/969/saison_id/2020
654,france,https://transfermarkt.com/rc-strassburg-alsace/transfers/verein/667/saison_id/2020
655,france,https://transfermarkt.com/as-monaco/transfers/verein/162/saison_id/2020
656,france,https://transfermarkt.com/sco-angers/transfers/verein/1420/saison_id/2020
657,france,https://transfermarkt.com/fc-girondins-bordeaux/transfers/verein/40/saison_id/2020
658,france,https://transfermarkt.com/fc-nantes/transfers/verein/995/saison_id/2020
659,france,https://transfermarkt.com/stade-brest-29/transfers/verein/3911/saison_id/2020
660,france,https://transfermarkt.com/fc-metz/transfers/verein/347/saison_id/2020
661,france,https://transfermarkt.com/dijon-fco/transfers/verein/2969/saison_id/2020
662,france,https://transfermarkt.com/as-saint-etienne/transfers/verein/618/saison_id/2020
663,france,https://transfermarkt.com/nimes-olympique/transfers/verein/1160/saison_id/2020
664,france,https://transfermarkt.com/fc-lorient/transfers/verein/1158/saison_id/2020
665,france,https://transfermarkt.com/rc-lens/transfers/verein/826/saison_id/2020
666,france,https://transfermarkt.com/losc-lille/transfers/verein/1082/saison_id/2021
667,france,https://transfermarkt.com/fc-paris-saint-germain/transfers/verein/583/saison_id/2021
668,france,https://transfermarkt.com/as-monaco/transfers/verein/162/saison_id/2021
669,france,https://transfermarkt.com/olympique-lyon/transfers/verein/1041/saison_id/2021
670,france,https://transfermarkt.com/olympique-marseille/transfers/verein/244/saison_id/2021
671,france,https://transfermarkt.com/fc-stade-rennes/transfers/verein/273/saison_id/2021
672,france,https://transfermarkt.com/rc-lens/transfers/verein/826/saison_id/2021
673,france,https://transfermarkt.com/montpellier-hsc/transfers/verein/969/saison_id/2021
674,france,https://transfermarkt.com/ogc-nizza/transfers/verein/417/saison_id/2021
675,france,https://transfermarkt.com/fc-metz/transfers/verein/347/saison_id/2021
676,france,https://transfermarkt.com/as-saint-etienne/transfers/verein/618/saison_id/2021
677,france,https://transfermarkt.com/fc-girondins-bordeaux/transfers/verein/40/saison_id/2021
678,france,https://transfermarkt.com/sco-angers/transfers/verein/1420/saison_id/2021
679,france,https://transfermarkt.com/stade-reims/transfers/verein/1421/saison_id/2021
680,france,https://transfermarkt.com/rc-strassburg-alsace/transfers/verein/667/saison_id/2021
681,france,https://transfermarkt.com/fc-lorient/transfers/verein/1158/saison_id/2021
682,france,https://transfermarkt.com/stade-brest-29/transfers/verein/3911/saison_id/2021
683,france,https://transfermarkt.com/fc-nantes/transfers/verein/995/saison_id/2021
684,france,https://transfermarkt.com/es-troyes-ac/transfers/verein/1095/saison_id/2021
685,france,https://transfermarkt.com/clermont-foot-63/transfers/verein/3524/saison_id/2021
