,season,team_name,income,expenditure
0,20152016,FC Chelsea,"Einnahmen: 87,49 Mio. €","Ausgaben: 96,50 Mio. €"
1,20152016,Manchester City,"Einnahmen: 67,44 Mio. €","Ausgaben: 208,47 Mio. €"
2,20152016,FC Arsenal,"Einnahmen: 2,50 Mio. €","Ausgaben: 26,50 Mio. €"
3,20152016,Manchester United,"Einnahmen: 100,67 Mio. €","Ausgaben: 156,00 Mio. €"
4,20152016,Tottenham Hotspur,"Einnahmen: 87,25 Mio. €","Ausgaben: 71,00 Mio. €"
5,20152016,FC Liverpool,"Einnahmen: 90,55 Mio. €","Ausgaben: 126,50 Mio. €"
6,20152016,FC Southampton,"Einnahmen: 52,70 Mio. €","Ausgaben: 60,10 Mio. €"
7,20152016,Swansea City,"Einnahmen: 16,81 Mio. €","Ausgaben: 21,81 Mio. €"
8,20152016,Stoke City,"Einnahmen: 23,20 Mio. €","Ausgaben: 53,65 Mio. €"
9,20152016,Crystal Palace,"Einnahmen: 5,40 Mio. €","Ausgaben: 28,80 Mio. €"
10,20152016,FC Everton,"Einnahmen: 11,00 Mio. €","Ausgaben: 48,20 Mio. €"
11,20152016,West Ham United,"Einnahmen: 18,52 Mio. €","Ausgaben: 52,70 Mio. €"
12,20152016,West Bromwich Albion,"Einnahmen: 12,92 Mio. €","Ausgaben: 42,90 Mio. €"
13,20152016,Leicester City,"Einnahmen: 9,45 Mio. €","Ausgaben: 49,90 Mio. €"
14,20152016,Newcastle United,"Einnahmen: 5,63 Mio. €","Ausgaben: 107,91 Mio. €"
15,20152016,AFC Sunderland,"Einnahmen: 11,00 Mio. €","Ausgaben: 66,05 Mio. €"
16,20152016,Aston Villa,"Einnahmen: 64,70 Mio. €","Ausgaben: 66,55 Mio. €"
17,20152016,AFC Bournemouth,Einnahmen: 650 Tsd. €,"Ausgaben: 55,11 Mio. €"
18,20152016,FC Watford,"Einnahmen: 9,75 Mio. €","Ausgaben: 82,80 Mio. €"
19,20152016,Norwich City,"Einnahmen: 21,49 Mio. €","Ausgaben: 50,50 Mio. €"
20,20152016,FC Barcelona,"Einnahmen: 38,30 Mio. €","Ausgaben: 51,00 Mio. €"
21,20152016,Real Madrid,"Einnahmen: 31,65 Mio. €","Ausgaben: 92,90 Mio. €"
22,20152016,Atlético Madrid,"Einnahmen: 152,00 Mio. €","Ausgaben: 119,00 Mio. €"
23,20152016,FC Valencia,"Einnahmen: 50,00 Mio. €","Ausgaben: 143,90 Mio. €"
24,20152016,FC Sevilla,"Einnahmen: 61,45 Mio. €","Ausgaben: 44,00 Mio. €"
25,20152016,FC Villarreal,"Einnahmen: 37,56 Mio. €","Ausgaben: 47,20 Mio. €"
26,20152016,Athletic Bilbao,Einnahmen: 0,"Ausgaben: 10,00 Mio. €"
27,20152016,Celta Vigo,"Einnahmen: 18,50 Mio. €","Ausgaben: 16,30 Mio. €"
28,20152016,FC Málaga,"Einnahmen: 46,80 Mio. €","Ausgaben: 8,65 Mio. €"
29,20152016,Espanyol Barcelona,"Einnahmen: 15,20 Mio. €","Ausgaben: 4,45 Mio. €"
30,20152016,Rayo Vallecano,Einnahmen: 0,Ausgaben: 400 Tsd. €
31,20152016,Real Sociedad San Sebastián,"Einnahmen: 1,00 Mio. €","Ausgaben: 26,10 Mio. €"
32,20152016,UD Levante,Einnahmen: 0,"Ausgaben: 6,55 Mio. €"
33,20152016,FC Getafe,"Einnahmen: 4,10 Mio. €",Ausgaben: 270 Tsd. €
34,20152016,Deportivo La Coruna ,Einnahmen: 0,"Ausgaben: 8,00 Mio. €"
35,20152016,FC Granada,"Einnahmen: 11,17 Mio. €","Ausgaben: 3,85 Mio. €"
36,20152016,SD Eibar,Einnahmen: 0,"Ausgaben: 3,70 Mio. €"
37,20152016,UD Las Palmas,Einnahmen: 0,"Ausgaben: 6,40 Mio. €"
38,20152016,Sporting Gijón,Einnahmen: 0,Ausgaben: 0
39,20152016,Real Betis Sevilla,"Einnahmen: 1,05 Mio. €","Ausgaben: 8,85 Mio. €"
40,20152016,FC Bayern München,"Einnahmen: 33,00 Mio. €","Ausgaben: 90,75 Mio. €"
41,20152016,VfL Wolfsburg,"Einnahmen: 111,30 Mio. €","Ausgaben: 68,10 Mio. €"
42,20152016,Borussia Mönchengladbach,"Einnahmen: 15,70 Mio. €","Ausgaben: 38,00 Mio. €"
43,20152016,Bayer 04 Leverkusen,"Einnahmen: 63,25 Mio. €","Ausgaben: 58,00 Mio. €"
44,20152016,FC Augsburg,"Einnahmen: 26,90 Mio. €","Ausgaben: 16,70 Mio. €"
45,20152016,FC Schalke 04,"Einnahmen: 57,20 Mio. €","Ausgaben: 37,10 Mio. €"
46,20152016,Borussia Dortmund,"Einnahmen: 42,55 Mio. €","Ausgaben: 20,00 Mio. €"
47,20152016,TSG 1899 Hoffenheim,"Einnahmen: 57,15 Mio. €","Ausgaben: 23,40 Mio. €"
48,20152016,Eintracht Frankfurt,"Einnahmen: 12,10 Mio. €","Ausgaben: 11,82 Mio. €"
49,20152016,SV Werder Bremen,"Einnahmen: 19,45 Mio. €","Ausgaben: 12,88 Mio. €"
50,20152016,1.FSV Mainz 05,"Einnahmen: 34,20 Mio. €","Ausgaben: 13,85 Mio. €"
51,20152016,1.FC Köln,"Einnahmen: 13,05 Mio. €","Ausgaben: 14,78 Mio. €"
52,20152016,Hannover 96,"Einnahmen: 13,50 Mio. €","Ausgaben: 18,40 Mio. €"
53,20152016,VfB Stuttgart,"Einnahmen: 20,55 Mio. €","Ausgaben: 15,67 Mio. €"
54,20152016,Hertha BSC,"Einnahmen: 4,92 Mio. €","Ausgaben: 7,30 Mio. €"
55,20152016,Hamburger SV,"Einnahmen: 13,20 Mio. €","Ausgaben: 21,85 Mio. €"
56,20152016,FC Ingolstadt 04,Einnahmen: 0,"Ausgaben: 6,20 Mio. €"
57,20152016,SV Darmstadt 98,Einnahmen: 0,"Ausgaben: 1,10 Mio. €"
58,20152016,Juventus Turin,"Einnahmen: 81,28 Mio. €","Ausgaben: 185,50 Mio. €"
59,20152016,AS Rom,"Einnahmen: 134,25 Mio. €","Ausgaben: 60,85 Mio. €"
60,20152016,Lazio Rom,"Einnahmen: 2,37 Mio. €","Ausgaben: 31,25 Mio. €"
61,20152016,AC Florenz,"Einnahmen: 26,85 Mio. €","Ausgaben: 24,90 Mio. €"
62,20152016,SSC Neapel,"Einnahmen: 18,29 Mio. €","Ausgaben: 42,70 Mio. €"
63,20152016,Genua CFC,"Einnahmen: 43,15 Mio. €","Ausgaben: 16,70 Mio. €"
64,20152016,Sampdoria Genua,"Einnahmen: 16,82 Mio. €","Ausgaben: 34,67 Mio. €"
65,20152016,Inter Mailand,"Einnahmen: 115,32 Mio. €","Ausgaben: 102,45 Mio. €"
66,20152016,FC Turin,"Einnahmen: 19,75 Mio. €","Ausgaben: 28,05 Mio. €"
67,20152016,AC Mailand,"Einnahmen: 11,16 Mio. €","Ausgaben: 102,28 Mio. €"
68,20152016,US Palermo,"Einnahmen: 52,90 Mio. €","Ausgaben: 12,25 Mio. €"
69,20152016,US Sassuolo,"Einnahmen: 25,00 Mio. €","Ausgaben: 30,70 Mio. €"
70,20152016,Hellas Verona,"Einnahmen: 2,05 Mio. €","Ausgaben: 6,30 Mio. €"
71,20152016,Chievo Verona,"Einnahmen: 15,40 Mio. €","Ausgaben: 6,13 Mio. €"
72,20152016,Empoli FC ,"Einnahmen: 11,50 Mio. €","Ausgaben: 6,35 Mio. €"
73,20152016,Udinese Calcio,"Einnahmen: 74,12 Mio. €","Ausgaben: 21,42 Mio. €"
74,20152016,Atalanta Bergamo,"Einnahmen: 37,95 Mio. €","Ausgaben: 26,68 Mio. €"
75,20152016,FC Bologna,Einnahmen: 800 Tsd. €,"Ausgaben: 26,63 Mio. €"
76,20152016,Carpi FC 1909,Einnahmen: 275 Tsd. €,Ausgaben: 300 Tsd. €
77,20152016,Frosinone Calcio,Einnahmen: 200 Tsd. €,Ausgaben: 400 Tsd. €
78,20152016,FC Paris Saint-Germain,"Einnahmen: 22,90 Mio. €","Ausgaben: 116,10 Mio. €"
79,20152016,Olympique Lyon,"Einnahmen: 26,80 Mio. €","Ausgaben: 41,10 Mio. €"
80,20152016,AS Monaco,"Einnahmen: 175,40 Mio. €","Ausgaben: 101,00 Mio. €"
81,20152016,Olympique Marseille,"Einnahmen: 54,45 Mio. €","Ausgaben: 19,75 Mio. €"
82,20152016,AS Saint-Étienne,"Einnahmen: 23,20 Mio. €","Ausgaben: 20,30 Mio. €"
83,20152016,FC Girondins Bordeaux,"Einnahmen: 22,30 Mio. €","Ausgaben: 11,00 Mio. €"
84,20152016,HSC Montpellier,"Einnahmen: 4,00 Mio. €","Ausgaben: 2,73 Mio. €"
85,20152016,LOSC Lille,"Einnahmen: 35,25 Mio. €","Ausgaben: 12,90 Mio. €"
86,20152016,FC Stade Rennes,"Einnahmen: 10,60 Mio. €","Ausgaben: 5,64 Mio. €"
87,20152016,EA Guingamp,"Einnahmen: 6,00 Mio. €","Ausgaben: 1,95 Mio. €"
88,20152016,OGC Nizza,"Einnahmen: 14,00 Mio. €","Ausgaben: 4,10 Mio. €"
89,20152016,SC Bastia,"Einnahmen: 1,70 Mio. €",Ausgaben: 0
90,20152016,SM Caen,"Einnahmen: 14,00 Mio. €","Ausgaben: 6,05 Mio. €"
91,20152016,FC Nantes,"Einnahmen: 17,55 Mio. €","Ausgaben: 7,00 Mio. €"
92,20152016,Stade Reims,"Einnahmen: 1,50 Mio. €","Ausgaben: 2,40 Mio. €"
93,20152016,FC Lorient,"Einnahmen: 18,50 Mio. €","Ausgaben: 9,93 Mio. €"
94,20152016,FC Toulouse,"Einnahmen: 10,50 Mio. €","Ausgaben: 2,90 Mio. €"
95,20152016,Angers SCO,"Einnahmen: 5,90 Mio. €",Ausgaben: 0
96,20152016,ESTAC Troyes,"Einnahmen: 7,30 Mio. €",Ausgaben: 300 Tsd. €
97,20152016,GFC Ajaccio,Einnahmen: 0,Ausgaben: 0
98,20162017,Leicester City,"Einnahmen: 66,05 Mio. €","Ausgaben: 92,10 Mio. €"
99,20162017,FC Arsenal,"Einnahmen: 10,35 Mio. €","Ausgaben: 113,00 Mio. €"
100,20162017,Tottenham Hotspur,"Einnahmen: 52,30 Mio. €","Ausgaben: 83,50 Mio. €"
101,20162017,Manchester City,"Einnahmen: 35,35 Mio. €","Ausgaben: 216,25 Mio. €"
102,20162017,Manchester United,"Einnahmen: 47,25 Mio. €","Ausgaben: 185,00 Mio. €"
103,20162017,FC Southampton,"Einnahmen: 85,05 Mio. €","Ausgaben: 68,90 Mio. €"
104,20162017,West Ham United,"Einnahmen: 41,00 Mio. €","Ausgaben: 83,50 Mio. €"
105,20162017,FC Liverpool,"Einnahmen: 85,38 Mio. €","Ausgaben: 79,90 Mio. €"
106,20162017,Stoke City,"Einnahmen: 3,80 Mio. €","Ausgaben: 42,17 Mio. €"
107,20162017,FC Chelsea,"Einnahmen: 108,90 Mio. €","Ausgaben: 132,80 Mio. €"
108,20162017,FC Everton,"Einnahmen: 60,80 Mio. €","Ausgaben: 86,00 Mio. €"
109,20162017,Swansea City,"Einnahmen: 49,30 Mio. €","Ausgaben: 58,10 Mio. €"
110,20162017,FC Watford,"Einnahmen: 58,10 Mio. €","Ausgaben: 70,45 Mio. €"
111,20162017,West Bromwich Albion,"Einnahmen: 26,98 Mio. €","Ausgaben: 37,90 Mio. €"
112,20162017,Crystal Palace,"Einnahmen: 50,20 Mio. €","Ausgaben: 101,20 Mio. €"
113,20162017,AFC Bournemouth,"Einnahmen: 23,69 Mio. €","Ausgaben: 40,69 Mio. €"
114,20162017,AFC Sunderland,"Einnahmen: 23,77 Mio. €","Ausgaben: 41,90 Mio. €"
115,20162017,FC Burnley,"Einnahmen: 1,20 Mio. €","Ausgaben: 45,60 Mio. €"
116,20162017,FC Middlesbrough,"Einnahmen: 13,50 Mio. €","Ausgaben: 47,95 Mio. €"
117,20162017,Hull City,"Einnahmen: 28,90 Mio. €","Ausgaben: 40,00 Mio. €"
118,20162017,FC Barcelona,"Einnahmen: 33,80 Mio. €","Ausgaben: 124,75 Mio. €"
119,20162017,Real Madrid,"Einnahmen: 37,50 Mio. €","Ausgaben: 30,00 Mio. €"
120,20162017,Atlético Madrid,"Einnahmen: 44,00 Mio. €","Ausgaben: 78,80 Mio. €"
121,20162017,Athletic Bilbao,Einnahmen: 0,Ausgaben: 0
122,20162017,FC Villarreal,"Einnahmen: 67,25 Mio. €","Ausgaben: 55,95 Mio. €"
123,20162017,Real Betis Sevilla,"Einnahmen: 8,00 Mio. €","Ausgaben: 20,90 Mio. €"
124,20162017,FC Sevilla,"Einnahmen: 93,45 Mio. €","Ausgaben: 81,70 Mio. €"
125,20162017,Deportivo Alavés,Einnahmen: 0,"Ausgaben: 6,33 Mio. €"
126,20162017,CD Leganés,Einnahmen: 200 Tsd. €,"Ausgaben: 5,45 Mio. €"
127,20162017,Espanyol Barcelona,"Einnahmen: 6,00 Mio. €","Ausgaben: 18,40 Mio. €"
128,20162017,FC Granada,"Einnahmen: 31,60 Mio. €","Ausgaben: 11,58 Mio. €"
129,20162017,SD Eibar,"Einnahmen: 5,00 Mio. €","Ausgaben: 8,60 Mio. €"
130,20162017,Celta Vigo,"Einnahmen: 19,80 Mio. €","Ausgaben: 8,40 Mio. €"
131,20162017,Sporting Gijón,Einnahmen: 0,"Ausgaben: 1,00 Mio. €"
132,20162017,Deportivo La Coruna ,"Einnahmen: 20,00 Mio. €","Ausgaben: 7,00 Mio. €"
133,20162017,Real Sociedad San Sebastián,"Einnahmen: 11,00 Mio. €","Ausgaben: 18,00 Mio. €"
134,20162017,FC Málaga,Einnahmen: 0,"Ausgaben: 12,54 Mio. €"
135,20162017,FC Valencia,"Einnahmen: 121,90 Mio. €","Ausgaben: 36,00 Mio. €"
136,20162017,UD Las Palmas,Einnahmen: 200 Tsd. €,"Ausgaben: 2,90 Mio. €"
137,20162017,CA Osasuna,"Einnahmen: 3,75 Mio. €","Ausgaben: 2,20 Mio. €"
138,20162017,FC Bayern München,"Einnahmen: 52,30 Mio. €","Ausgaben: 70,00 Mio. €"
139,20162017,Borussia Dortmund,"Einnahmen: 111,00 Mio. €","Ausgaben: 141,10 Mio. €"
140,20162017,Bayer 04 Leverkusen,"Einnahmen: 23,70 Mio. €","Ausgaben: 63,30 Mio. €"
141,20162017,Borussia Mönchengladbach,"Einnahmen: 45,10 Mio. €","Ausgaben: 41,25 Mio. €"
142,20162017,FC Schalke 04,"Einnahmen: 61,30 Mio. €","Ausgaben: 43,30 Mio. €"
143,20162017,1.FSV Mainz 05,"Einnahmen: 25,70 Mio. €","Ausgaben: 29,21 Mio. €"
144,20162017,Hertha BSC,"Einnahmen: 5,00 Mio. €","Ausgaben: 6,70 Mio. €"
145,20162017,VfL Wolfsburg,"Einnahmen: 94,45 Mio. €","Ausgaben: 81,05 Mio. €"
146,20162017,1.FC Köln,"Einnahmen: 19,00 Mio. €","Ausgaben: 8,35 Mio. €"
147,20162017,Hamburger SV,"Einnahmen: 8,75 Mio. €","Ausgaben: 43,95 Mio. €"
148,20162017,FC Ingolstadt 04,"Einnahmen: 4,55 Mio. €","Ausgaben: 7,95 Mio. €"
149,20162017,FC Augsburg,"Einnahmen: 15,05 Mio. €","Ausgaben: 23,70 Mio. €"
150,20162017,SV Werder Bremen,"Einnahmen: 27,20 Mio. €","Ausgaben: 23,70 Mio. €"
151,20162017,SV Darmstadt 98,"Einnahmen: 5,20 Mio. €","Ausgaben: 4,10 Mio. €"
152,20162017,TSG 1899 Hoffenheim,"Einnahmen: 37,00 Mio. €","Ausgaben: 27,44 Mio. €"
153,20162017,Eintracht Frankfurt,"Einnahmen: 12,05 Mio. €","Ausgaben: 3,80 Mio. €"
154,20162017,SC Freiburg,"Einnahmen: 5,15 Mio. €","Ausgaben: 16,78 Mio. €"
155,20162017,RasenBallsport Leipzig,Einnahmen: 100 Tsd. €,"Ausgaben: 95,95 Mio. €"
156,20162017,Atalanta Bergamo,"Einnahmen: 41,33 Mio. €","Ausgaben: 15,94 Mio. €"
157,20162017,FC Bologna,"Einnahmen: 16,98 Mio. €","Ausgaben: 31,30 Mio. €"
158,20162017,Cagliari Calcio,"Einnahmen: 11,62 Mio. €","Ausgaben: 9,72 Mio. €"
159,20162017,Chievo Verona,"Einnahmen: 6,28 Mio. €","Ausgaben: 12,57 Mio. €"
160,20162017,FC Crotone,"Einnahmen: 7,75 Mio. €","Ausgaben: 5,95 Mio. €"
161,20162017,Empoli FC ,"Einnahmen: 15,00 Mio. €","Ausgaben: 7,00 Mio. €"
162,20162017,AC Florenz,"Einnahmen: 31,05 Mio. €","Ausgaben: 15,73 Mio. €"
163,20162017,Genua CFC,"Einnahmen: 50,30 Mio. €","Ausgaben: 27,20 Mio. €"
164,20162017,Inter Mailand,"Einnahmen: 18,50 Mio. €","Ausgaben: 164,63 Mio. €"
165,20162017,Juventus Turin,"Einnahmen: 176,93 Mio. €","Ausgaben: 170,23 Mio. €"
166,20162017,Lazio Rom,"Einnahmen: 28,70 Mio. €","Ausgaben: 32,70 Mio. €"
167,20162017,AC Mailand,"Einnahmen: 25,15 Mio. €","Ausgaben: 29,56 Mio. €"
168,20162017,SSC Neapel,"Einnahmen: 116,81 Mio. €","Ausgaben: 99,09 Mio. €"
169,20162017,US Palermo,"Einnahmen: 29,25 Mio. €","Ausgaben: 8,48 Mio. €"
170,20162017,Delfino Pescara 1936,"Einnahmen: 22,27 Mio. €","Ausgaben: 14,29 Mio. €"
171,20162017,AS Rom,"Einnahmen: 43,43 Mio. €","Ausgaben: 102,50 Mio. €"
172,20162017,Sampdoria Genua,"Einnahmen: 80,70 Mio. €","Ausgaben: 39,65 Mio. €"
173,20162017,US Sassuolo,"Einnahmen: 27,80 Mio. €","Ausgaben: 27,51 Mio. €"
174,20162017,FC Turin,"Einnahmen: 26,43 Mio. €","Ausgaben: 28,77 Mio. €"
175,20162017,Udinese Calcio,"Einnahmen: 32,23 Mio. €","Ausgaben: 26,50 Mio. €"
176,20162017,FC Paris Saint-Germain,"Einnahmen: 59,80 Mio. €","Ausgaben: 134,50 Mio. €"
177,20162017,Olympique Lyon,"Einnahmen: 27,30 Mio. €","Ausgaben: 28,60 Mio. €"
178,20162017,AS Monaco,"Einnahmen: 18,45 Mio. €","Ausgaben: 50,50 Mio. €"
179,20162017,OGC Nizza,"Einnahmen: 15,80 Mio. €","Ausgaben: 15,25 Mio. €"
180,20162017,LOSC Lille,"Einnahmen: 47,00 Mio. €","Ausgaben: 20,70 Mio. €"
181,20162017,AS Saint-Étienne,"Einnahmen: 2,25 Mio. €","Ausgaben: 7,00 Mio. €"
182,20162017,SM Caen,"Einnahmen: 11,00 Mio. €","Ausgaben: 4,25 Mio. €"
183,20162017,FC Stade Rennes,"Einnahmen: 55,30 Mio. €","Ausgaben: 2,27 Mio. €"
184,20162017,Angers SCO,"Einnahmen: 4,40 Mio. €","Ausgaben: 5,20 Mio. €"
185,20162017,SC Bastia,"Einnahmen: 7,00 Mio. €",Ausgaben: 250 Tsd. €
186,20162017,FC Girondins Bordeaux,"Einnahmen: 2,60 Mio. €","Ausgaben: 11,85 Mio. €"
187,20162017,HSC Montpellier,"Einnahmen: 19,40 Mio. €","Ausgaben: 6,40 Mio. €"
188,20162017,Olympique Marseille,"Einnahmen: 81,49 Mio. €","Ausgaben: 53,00 Mio. €"
189,20162017,FC Nantes,"Einnahmen: 2,65 Mio. €","Ausgaben: 5,00 Mio. €"
190,20162017,FC Lorient,"Einnahmen: 32,15 Mio. €","Ausgaben: 8,60 Mio. €"
191,20162017,EA Guingamp,"Einnahmen: 2,50 Mio. €",Ausgaben: 0
192,20162017,FC Toulouse,"Einnahmen: 10,00 Mio. €","Ausgaben: 13,00 Mio. €"
193,20162017,AS Nancy-Lorraine,"Einnahmen: 10,90 Mio. €","Ausgaben: 2,30 Mio. €"
194,20162017,Dijon FCO,"Einnahmen: 1,25 Mio. €","Ausgaben: 3,15 Mio. €"
195,20162017,FC Metz,Einnahmen: 775 Tsd. €,Ausgaben: 400 Tsd. €
196,20172018,FC Chelsea,"Einnahmen: 194,60 Mio. €","Ausgaben: 260,50 Mio. €"
197,20172018,Tottenham Hotspur,"Einnahmen: 103,80 Mio. €","Ausgaben: 121,00 Mio. €"
198,20172018,Manchester City,"Einnahmen: 91,35 Mio. €","Ausgaben: 317,50 Mio. €"
199,20172018,FC Liverpool,"Einnahmen: 184,50 Mio. €","Ausgaben: 173,65 Mio. €"
200,20172018,FC Arsenal,"Einnahmen: 162,00 Mio. €","Ausgaben: 152,85 Mio. €"
201,20172018,Manchester United,"Einnahmen: 45,50 Mio. €","Ausgaben: 198,40 Mio. €"
202,20172018,FC Everton,"Einnahmen: 126,38 Mio. €","Ausgaben: 203,20 Mio. €"
203,20172018,FC Southampton,"Einnahmen: 98,35 Mio. €","Ausgaben: 61,25 Mio. €"
204,20172018,AFC Bournemouth,Einnahmen: 0,"Ausgaben: 34,30 Mio. €"
205,20172018,West Bromwich Albion,"Einnahmen: 2,05 Mio. €","Ausgaben: 53,50 Mio. €"
206,20172018,West Ham United,"Einnahmen: 69,02 Mio. €","Ausgaben: 56,80 Mio. €"
207,20172018,Leicester City,"Einnahmen: 50,10 Mio. €","Ausgaben: 83,85 Mio. €"
208,20172018,Stoke City,"Einnahmen: 35,14 Mio. €","Ausgaben: 57,70 Mio. €"
209,20172018,Crystal Palace,"Einnahmen: 3,00 Mio. €","Ausgaben: 48,95 Mio. €"
210,20172018,Swansea City,"Einnahmen: 81,10 Mio. €","Ausgaben: 73,39 Mio. €"
211,20172018,FC Burnley,"Einnahmen: 50,00 Mio. €","Ausgaben: 35,74 Mio. €"
212,20172018,FC Watford,"Einnahmen: 18,74 Mio. €","Ausgaben: 73,40 Mio. €"
213,20172018,Newcastle United,"Einnahmen: 21,22 Mio. €","Ausgaben: 46,50 Mio. €"
214,20172018,Brighton & Hove Albion,Einnahmen: 400 Tsd. €,"Ausgaben: 66,50 Mio. €"
215,20172018,Huddersfield Town,"Einnahmen: 6,46 Mio. €","Ausgaben: 56,75 Mio. €"
216,20172018,Real Madrid,"Einnahmen: 132,50 Mio. €","Ausgaben: 40,50 Mio. €"
217,20172018,FC Barcelona,"Einnahmen: 232,50 Mio. €","Ausgaben: 380,10 Mio. €"
218,20172018,Atlético Madrid,"Einnahmen: 104,00 Mio. €","Ausgaben: 95,60 Mio. €"
219,20172018,FC Sevilla,"Einnahmen: 81,60 Mio. €","Ausgaben: 78,05 Mio. €"
220,20172018,FC Villarreal,"Einnahmen: 68,00 Mio. €","Ausgaben: 46,10 Mio. €"
221,20172018,Real Sociedad San Sebastián,"Einnahmen: 53,00 Mio. €","Ausgaben: 25,50 Mio. €"
222,20172018,Athletic Bilbao,"Einnahmen: 65,00 Mio. €","Ausgaben: 32,00 Mio. €"
223,20172018,Espanyol Barcelona,"Einnahmen: 10,50 Mio. €","Ausgaben: 17,05 Mio. €"
224,20172018,Deportivo Alavés,"Einnahmen: 7,50 Mio. €","Ausgaben: 12,33 Mio. €"
225,20172018,SD Eibar,"Einnahmen: 10,00 Mio. €","Ausgaben: 10,25 Mio. €"
226,20172018,FC Málaga,"Einnahmen: 33,40 Mio. €","Ausgaben: 10,50 Mio. €"
227,20172018,FC Valencia,"Einnahmen: 16,55 Mio. €","Ausgaben: 55,00 Mio. €"
228,20172018,Celta Vigo,"Einnahmen: 13,20 Mio. €","Ausgaben: 26,80 Mio. €"
229,20172018,UD Las Palmas,"Einnahmen: 25,70 Mio. €",Ausgaben: 350 Tsd. €
230,20172018,Real Betis Sevilla,"Einnahmen: 27,07 Mio. €","Ausgaben: 38,50 Mio. €"
231,20172018,Deportivo La Coruna ,"Einnahmen: 5,50 Mio. €","Ausgaben: 9,50 Mio. €"
232,20172018,CD Leganés,Einnahmen: 130 Tsd. €,"Ausgaben: 6,55 Mio. €"
233,20172018,UD Levante,"Einnahmen: 13,85 Mio. €","Ausgaben: 10,00 Mio. €"
234,20172018,FC Girona,Einnahmen: 0,"Ausgaben: 8,75 Mio. €"
235,20172018,FC Getafe,"Einnahmen: 1,60 Mio. €","Ausgaben: 12,90 Mio. €"
236,20172018,FC Bayern München,"Einnahmen: 32,25 Mio. €","Ausgaben: 116,50 Mio. €"
237,20172018,RasenBallsport Leipzig,"Einnahmen: 24,54 Mio. €","Ausgaben: 63,50 Mio. €"
238,20172018,Borussia Dortmund,"Einnahmen: 275,95 Mio. €","Ausgaben: 122,59 Mio. €"
239,20172018,TSG 1899 Hoffenheim,"Einnahmen: 45,75 Mio. €","Ausgaben: 14,70 Mio. €"
240,20172018,1.FC Köln,"Einnahmen: 7,45 Mio. €","Ausgaben: 40,00 Mio. €"
241,20172018,Hertha BSC,"Einnahmen: 18,00 Mio. €","Ausgaben: 14,00 Mio. €"
242,20172018,SC Freiburg,"Einnahmen: 27,80 Mio. €","Ausgaben: 19,65 Mio. €"
243,20172018,SV Werder Bremen,"Einnahmen: 8,90 Mio. €","Ausgaben: 18,60 Mio. €"
244,20172018,Borussia Mönchengladbach,"Einnahmen: 31,08 Mio. €","Ausgaben: 37,25 Mio. €"
245,20172018,FC Schalke 04,"Einnahmen: 7,10 Mio. €","Ausgaben: 49,30 Mio. €"
246,20172018,Eintracht Frankfurt,"Einnahmen: 4,92 Mio. €","Ausgaben: 19,20 Mio. €"
247,20172018,Bayer 04 Leverkusen,"Einnahmen: 91,10 Mio. €","Ausgaben: 51,00 Mio. €"
248,20172018,FC Augsburg,"Einnahmen: 7,90 Mio. €","Ausgaben: 7,55 Mio. €"
249,20172018,Hamburger SV,"Einnahmen: 5,55 Mio. €","Ausgaben: 19,00 Mio. €"
250,20172018,1.FSV Mainz 05,"Einnahmen: 24,85 Mio. €","Ausgaben: 16,55 Mio. €"
251,20172018,VfL Wolfsburg,"Einnahmen: 36,00 Mio. €","Ausgaben: 72,75 Mio. €"
252,20172018,VfB Stuttgart,"Einnahmen: 7,60 Mio. €","Ausgaben: 30,90 Mio. €"
253,20172018,Hannover 96,Einnahmen: 250 Tsd. €,"Ausgaben: 19,00 Mio. €"
254,20172018,Atalanta Bergamo,"Einnahmen: 78,04 Mio. €","Ausgaben: 66,59 Mio. €"
255,20172018,Benevento Calcio,"Einnahmen: 3,98 Mio. €","Ausgaben: 23,48 Mio. €"
256,20172018,FC Bologna,Einnahmen: 0,"Ausgaben: 13,00 Mio. €"
257,20172018,Cagliari Calcio,"Einnahmen: 19,88 Mio. €","Ausgaben: 31,09 Mio. €"
258,20172018,Chievo Verona,"Einnahmen: 17,67 Mio. €","Ausgaben: 2,95 Mio. €"
259,20172018,FC Crotone,Einnahmen: 0,"Ausgaben: 3,00 Mio. €"
260,20172018,AC Florenz,"Einnahmen: 93,58 Mio. €","Ausgaben: 79,50 Mio. €"
261,20172018,Genua CFC,"Einnahmen: 46,72 Mio. €","Ausgaben: 14,17 Mio. €"
262,20172018,Hellas Verona,"Einnahmen: 8,05 Mio. €","Ausgaben: 3,05 Mio. €"
263,20172018,Inter Mailand,"Einnahmen: 79,24 Mio. €","Ausgaben: 137,63 Mio. €"
264,20172018,Juventus Turin,"Einnahmen: 145,65 Mio. €","Ausgaben: 177,60 Mio. €"
265,20172018,Lazio Rom,"Einnahmen: 73,92 Mio. €","Ausgaben: 28,25 Mio. €"
266,20172018,AC Mailand,"Einnahmen: 39,70 Mio. €","Ausgaben: 186,48 Mio. €"
267,20172018,SSC Neapel,"Einnahmen: 17,45 Mio. €","Ausgaben: 68,00 Mio. €"
268,20172018,AS Rom,"Einnahmen: 156,50 Mio. €","Ausgaben: 91,30 Mio. €"
269,20172018,Sampdoria Genua,"Einnahmen: 71,46 Mio. €","Ausgaben: 51,00 Mio. €"
270,20172018,US Sassuolo,"Einnahmen: 19,25 Mio. €","Ausgaben: 37,10 Mio. €"
271,20172018,SPAL 2013,Einnahmen: 574 Tsd. €,"Ausgaben: 8,74 Mio. €"
272,20172018,FC Turin,"Einnahmen: 79,80 Mio. €","Ausgaben: 26,38 Mio. €"
273,20172018,Udinese Calcio,"Einnahmen: 17,70 Mio. €","Ausgaben: 22,59 Mio. €"
274,20172018,Amiens SC,"Einnahmen: 8,00 Mio. €","Ausgaben: 6,63 Mio. €"
275,20172018,Angers SCO,"Einnahmen: 26,00 Mio. €","Ausgaben: 12,40 Mio. €"
276,20172018,FC Girondins Bordeaux,"Einnahmen: 28,25 Mio. €","Ausgaben: 32,60 Mio. €"
277,20172018,SM Caen,"Einnahmen: 6,00 Mio. €","Ausgaben: 6,95 Mio. €"
278,20172018,Dijon FCO,"Einnahmen: 15,00 Mio. €","Ausgaben: 5,50 Mio. €"
279,20172018,EA Guingamp,"Einnahmen: 5,95 Mio. €","Ausgaben: 1,38 Mio. €"
280,20172018,LOSC Lille,"Einnahmen: 31,10 Mio. €","Ausgaben: 76,50 Mio. €"
281,20172018,Olympique Lyon,"Einnahmen: 119,55 Mio. €","Ausgaben: 58,05 Mio. €"
282,20172018,Olympique Marseille,"Einnahmen: 2,75 Mio. €","Ausgaben: 62,00 Mio. €"
283,20172018,FC Metz,"Einnahmen: 22,85 Mio. €","Ausgaben: 3,60 Mio. €"
284,20172018,AS Monaco,"Einnahmen: 199,50 Mio. €","Ausgaben: 122,40 Mio. €"
285,20172018,HSC Montpellier,"Einnahmen: 20,80 Mio. €","Ausgaben: 5,70 Mio. €"
286,20172018,FC Nantes,"Einnahmen: 10,00 Mio. €","Ausgaben: 11,30 Mio. €"
287,20172018,OGC Nizza,"Einnahmen: 27,50 Mio. €","Ausgaben: 26,30 Mio. €"
288,20172018,FC Paris Saint-Germain,"Einnahmen: 98,40 Mio. €","Ausgaben: 238,00 Mio. €"
289,20172018,FC Stade Rennes,"Einnahmen: 15,80 Mio. €","Ausgaben: 53,90 Mio. €"
290,20172018,AS Saint-Étienne,"Einnahmen: 15,50 Mio. €","Ausgaben: 19,30 Mio. €"
291,20172018,RC Straßburg Alsace,"Einnahmen: 2,00 Mio. €","Ausgaben: 5,40 Mio. €"
292,20172018,FC Toulouse,"Einnahmen: 13,00 Mio. €","Ausgaben: 3,50 Mio. €"
293,20172018,ESTAC Troyes,Einnahmen: 0,Ausgaben: 0
294,20182019,Manchester City,"Einnahmen: 57,60 Mio. €","Ausgaben: 78,59 Mio. €"
295,20182019,Manchester United,"Einnahmen: 30,55 Mio. €","Ausgaben: 82,70 Mio. €"
296,20182019,Tottenham Hotspur,"Einnahmen: 5,35 Mio. €",Ausgaben: 0
297,20182019,FC Liverpool,"Einnahmen: 41,32 Mio. €","Ausgaben: 182,20 Mio. €"
298,20182019,FC Chelsea,"Einnahmen: 83,25 Mio. €","Ausgaben: 208,80 Mio. €"
299,20182019,FC Arsenal,"Einnahmen: 9,10 Mio. €","Ausgaben: 80,15 Mio. €"
300,20182019,FC Burnley,"Einnahmen: 8,00 Mio. €","Ausgaben: 33,00 Mio. €"
301,20182019,FC Everton,"Einnahmen: 28,65 Mio. €","Ausgaben: 99,80 Mio. €"
302,20182019,Leicester City,"Einnahmen: 95,80 Mio. €","Ausgaben: 114,60 Mio. €"
303,20182019,Newcastle United,"Einnahmen: 51,05 Mio. €","Ausgaben: 59,75 Mio. €"
304,20182019,Crystal Palace,Einnahmen: 350 Tsd. €,"Ausgaben: 11,85 Mio. €"
305,20182019,AFC Bournemouth,"Einnahmen: 20,20 Mio. €","Ausgaben: 91,60 Mio. €"
306,20182019,West Ham United,"Einnahmen: 13,77 Mio. €","Ausgaben: 100,90 Mio. €"
307,20182019,FC Watford,"Einnahmen: 51,84 Mio. €","Ausgaben: 30,10 Mio. €"
308,20182019,Brighton & Hove Albion,"Einnahmen: 13,62 Mio. €","Ausgaben: 87,12 Mio. €"
309,20182019,Huddersfield Town,"Einnahmen: 12,33 Mio. €","Ausgaben: 50,70 Mio. €"
310,20182019,FC Southampton,"Einnahmen: 26,10 Mio. €","Ausgaben: 62,25 Mio. €"
311,20182019,Wolverhampton Wanderers,"Einnahmen: 23,30 Mio. €","Ausgaben: 112,75 Mio. €"
312,20182019,Cardiff City,Einnahmen: 0,"Ausgaben: 40,20 Mio. €"
313,20182019,FC Fulham,"Einnahmen: 5,35 Mio. €","Ausgaben: 116,50 Mio. €"
314,20182019,Athletic Bilbao,"Einnahmen: 80,00 Mio. €","Ausgaben: 32,90 Mio. €"
315,20182019,Atlético Madrid,"Einnahmen: 57,90 Mio. €","Ausgaben: 168,00 Mio. €"
316,20182019,CD Leganés,"Einnahmen: 24,60 Mio. €","Ausgaben: 18,90 Mio. €"
317,20182019,Deportivo Alavés,"Einnahmen: 9,00 Mio. €","Ausgaben: 10,00 Mio. €"
318,20182019,FC Barcelona,"Einnahmen: 146,05 Mio. €","Ausgaben: 141,10 Mio. €"
319,20182019,FC Getafe,"Einnahmen: 5,00 Mio. €","Ausgaben: 27,25 Mio. €"
320,20182019,FC Girona,"Einnahmen: 3,30 Mio. €","Ausgaben: 10,20 Mio. €"
321,20182019,UD Levante,"Einnahmen: 41,50 Mio. €","Ausgaben: 26,70 Mio. €"
322,20182019,Celta Vigo,"Einnahmen: 35,70 Mio. €","Ausgaben: 30,00 Mio. €"
323,20182019,Espanyol Barcelona,"Einnahmen: 30,80 Mio. €","Ausgaben: 22,10 Mio. €"
324,20182019,Real Betis Sevilla,"Einnahmen: 49,30 Mio. €","Ausgaben: 44,50 Mio. €"
325,20182019,Real Madrid,"Einnahmen: 136,10 Mio. €","Ausgaben: 164,75 Mio. €"
326,20182019,Real Sociedad San Sebastián,"Einnahmen: 32,80 Mio. €","Ausgaben: 12,00 Mio. €"
327,20182019,SD Eibar,"Einnahmen: 7,75 Mio. €","Ausgaben: 8,00 Mio. €"
328,20182019,FC Sevilla,"Einnahmen: 93,80 Mio. €","Ausgaben: 81,05 Mio. €"
329,20182019,FC Valencia,"Einnahmen: 68,80 Mio. €","Ausgaben: 129,20 Mio. €"
330,20182019,FC Villarreal,"Einnahmen: 54,80 Mio. €","Ausgaben: 92,90 Mio. €"
331,20182019,SD Huesca ,Einnahmen: 400 Tsd. €,"Ausgaben: 9,30 Mio. €"
332,20182019,Rayo Vallecano,"Einnahmen: 13,00 Mio. €","Ausgaben: 12,30 Mio. €"
333,20182019,Real Valladolid,Einnahmen: 0,"Ausgaben: 10,10 Mio. €"
334,20182019,FC Bayern München,"Einnahmen: 84,00 Mio. €","Ausgaben: 14,00 Mio. €"
335,20182019,FC Schalke 04,"Einnahmen: 46,15 Mio. €","Ausgaben: 62,20 Mio. €"
336,20182019,TSG 1899 Hoffenheim,"Einnahmen: 6,12 Mio. €","Ausgaben: 32,00 Mio. €"
337,20182019,Borussia Dortmund,"Einnahmen: 114,20 Mio. €","Ausgaben: 90,50 Mio. €"
338,20182019,Bayer 04 Leverkusen,"Einnahmen: 45,00 Mio. €","Ausgaben: 31,50 Mio. €"
339,20182019,RasenBallsport Leipzig,"Einnahmen: 72,75 Mio. €","Ausgaben: 65,63 Mio. €"
340,20182019,VfB Stuttgart,"Einnahmen: 13,25 Mio. €","Ausgaben: 45,76 Mio. €"
341,20182019,Eintracht Frankfurt,"Einnahmen: 18,90 Mio. €","Ausgaben: 28,95 Mio. €"
342,20182019,Borussia Mönchengladbach,"Einnahmen: 32,95 Mio. €","Ausgaben: 32,55 Mio. €"
343,20182019,Hertha BSC,"Einnahmen: 16,90 Mio. €","Ausgaben: 16,00 Mio. €"
344,20182019,SV Werder Bremen,"Einnahmen: 26,85 Mio. €","Ausgaben: 25,80 Mio. €"
345,20182019,FC Augsburg,"Einnahmen: 2,85 Mio. €","Ausgaben: 6,65 Mio. €"
346,20182019,Hannover 96,"Einnahmen: 13,54 Mio. €","Ausgaben: 18,52 Mio. €"
347,20182019,1.FSV Mainz 05,"Einnahmen: 56,10 Mio. €","Ausgaben: 30,00 Mio. €"
348,20182019,SC Freiburg,"Einnahmen: 22,68 Mio. €","Ausgaben: 18,40 Mio. €"
349,20182019,VfL Wolfsburg,Einnahmen: 800 Tsd. €,"Ausgaben: 36,00 Mio. €"
350,20182019,Fortuna Düsseldorf,Einnahmen: 600 Tsd. €,"Ausgaben: 7,50 Mio. €"
351,20182019,1.FC Nürnberg,Einnahmen: 0,"Ausgaben: 4,85 Mio. €"
352,20182019,Atalanta Bergamo,"Einnahmen: 25,06 Mio. €","Ausgaben: 60,80 Mio. €"
353,20182019,FC Bologna,"Einnahmen: 44,99 Mio. €","Ausgaben: 31,22 Mio. €"
354,20182019,Cagliari Calcio,"Einnahmen: 7,85 Mio. €","Ausgaben: 22,50 Mio. €"
355,20182019,Chievo Verona,"Einnahmen: 17,62 Mio. €","Ausgaben: 9,47 Mio. €"
356,20182019,Empoli FC ,"Einnahmen: 22,90 Mio. €","Ausgaben: 17,30 Mio. €"
357,20182019,AC Florenz,"Einnahmen: 43,39 Mio. €","Ausgaben: 60,77 Mio. €"
358,20182019,Frosinone Calcio,Einnahmen: 800 Tsd. €,"Ausgaben: 9,56 Mio. €"
359,20182019,Genua CFC,"Einnahmen: 84,36 Mio. €","Ausgaben: 59,07 Mio. €"
360,20182019,Inter Mailand,"Einnahmen: 91,17 Mio. €","Ausgaben: 97,60 Mio. €"
361,20182019,Juventus Turin,"Einnahmen: 112,54 Mio. €","Ausgaben: 263,20 Mio. €"
362,20182019,Lazio Rom,"Einnahmen: 38,60 Mio. €","Ausgaben: 51,28 Mio. €"
363,20182019,AC Mailand,"Einnahmen: 88,10 Mio. €","Ausgaben: 194,64 Mio. €"
364,20182019,SSC Neapel,"Einnahmen: 100,80 Mio. €","Ausgaben: 71,00 Mio. €"
365,20182019,Parma Calcio 1913,Einnahmen: 596 Tsd. €,"Ausgaben: 20,40 Mio. €"
366,20182019,AS Rom,"Einnahmen: 150,47 Mio. €","Ausgaben: 166,35 Mio. €"
367,20182019,Sampdoria Genua,"Einnahmen: 90,12 Mio. €","Ausgaben: 56,45 Mio. €"
368,20182019,US Sassuolo,"Einnahmen: 50,38 Mio. €","Ausgaben: 53,97 Mio. €"
369,20182019,SPAL,"Einnahmen: 1,85 Mio. €","Ausgaben: 21,90 Mio. €"
370,20182019,FC Turin,"Einnahmen: 17,20 Mio. €","Ausgaben: 53,15 Mio. €"
371,20182019,Udinese Calcio,"Einnahmen: 13,53 Mio. €","Ausgaben: 52,90 Mio. €"
372,20182019,Amiens SC,"Einnahmen: 10,00 Mio. €","Ausgaben: 7,49 Mio. €"
373,20182019,Angers SCO,"Einnahmen: 21,00 Mio. €","Ausgaben: 4,45 Mio. €"
374,20182019,FC Girondins Bordeaux,"Einnahmen: 50,70 Mio. €","Ausgaben: 21,46 Mio. €"
375,20182019,SM Caen,"Einnahmen: 14,50 Mio. €","Ausgaben: 9,95 Mio. €"
376,20182019,Dijon FCO,"Einnahmen: 4,00 Mio. €","Ausgaben: 9,20 Mio. €"
377,20182019,EA Guingamp,"Einnahmen: 4,00 Mio. €","Ausgaben: 3,50 Mio. €"
378,20182019,LOSC Lille,"Einnahmen: 69,70 Mio. €","Ausgaben: 8,90 Mio. €"
379,20182019,Olympique Lyon,"Einnahmen: 90,10 Mio. €","Ausgaben: 46,45 Mio. €"
380,20182019,Olympique Marseille,"Einnahmen: 32,85 Mio. €","Ausgaben: 66,00 Mio. €"
381,20182019,AS Monaco,"Einnahmen: 367,25 Mio. €","Ausgaben: 145,85 Mio. €"
382,20182019,HSC Montpellier,"Einnahmen: 25,50 Mio. €","Ausgaben: 10,15 Mio. €"
383,20182019,FC Nantes,"Einnahmen: 11,20 Mio. €","Ausgaben: 14,35 Mio. €"
384,20182019,OGC Nizza,"Einnahmen: 61,70 Mio. €","Ausgaben: 28,00 Mio. €"
385,20182019,Nîmes Olympique,Einnahmen: 0,"Ausgaben: 3,15 Mio. €"
386,20182019,FC Paris Saint-Germain,"Einnahmen: 114,00 Mio. €","Ausgaben: 262,00 Mio. €"
387,20182019,Stade Reims,"Einnahmen: 11,00 Mio. €","Ausgaben: 15,50 Mio. €"
388,20182019,FC Stade Rennes,"Einnahmen: 18,50 Mio. €","Ausgaben: 18,00 Mio. €"
389,20182019,AS Saint-Étienne,"Einnahmen: 18,70 Mio. €","Ausgaben: 15,00 Mio. €"
390,20182019,RC Straßburg Alsace,"Einnahmen: 14,00 Mio. €","Ausgaben: 15,75 Mio. €"
391,20182019,FC Toulouse,"Einnahmen: 35,50 Mio. €","Ausgaben: 18,45 Mio. €"
392,20192020,Manchester City,"Einnahmen: 71,00 Mio. €","Ausgaben: 166,82 Mio. €"
393,20192020,FC Liverpool,"Einnahmen: 48,00 Mio. €","Ausgaben: 10,40 Mio. €"
394,20192020,FC Chelsea,"Einnahmen: 157,27 Mio. €","Ausgaben: 45,00 Mio. €"
395,20192020,Tottenham Hotspur,"Einnahmen: 64,50 Mio. €","Ausgaben: 150,50 Mio. €"
396,20192020,FC Arsenal,"Einnahmen: 53,65 Mio. €","Ausgaben: 160,80 Mio. €"
397,20192020,Manchester United,"Einnahmen: 81,18 Mio. €","Ausgaben: 236,80 Mio. €"
398,20192020,Wolverhampton Wanderers,"Einnahmen: 24,10 Mio. €","Ausgaben: 116,70 Mio. €"
399,20192020,FC Everton,"Einnahmen: 87,80 Mio. €","Ausgaben: 121,00 Mio. €"
400,20192020,Leicester City,"Einnahmen: 88,50 Mio. €","Ausgaben: 104,30 Mio. €"
401,20192020,West Ham United,"Einnahmen: 55,48 Mio. €","Ausgaben: 119,80 Mio. €"
402,20192020,FC Watford,"Einnahmen: 25,40 Mio. €","Ausgaben: 56,00 Mio. €"
403,20192020,Crystal Palace,"Einnahmen: 55,38 Mio. €","Ausgaben: 7,60 Mio. €"
404,20192020,Newcastle United,"Einnahmen: 35,64 Mio. €","Ausgaben: 72,90 Mio. €"
405,20192020,AFC Bournemouth,"Einnahmen: 34,63 Mio. €","Ausgaben: 54,91 Mio. €"
406,20192020,FC Burnley,"Einnahmen: 13,55 Mio. €","Ausgaben: 23,85 Mio. €"
407,20192020,FC Southampton,"Einnahmen: 27,30 Mio. €","Ausgaben: 61,50 Mio. €"
408,20192020,Brighton & Hove Albion,"Einnahmen: 8,50 Mio. €","Ausgaben: 61,74 Mio. €"
409,20192020,Norwich City,"Einnahmen: 2,20 Mio. €","Ausgaben: 8,82 Mio. €"
410,20192020,Sheffield United,Einnahmen: 350 Tsd. €,"Ausgaben: 70,50 Mio. €"
411,20192020,Aston Villa,"Einnahmen: 3,00 Mio. €","Ausgaben: 159,50 Mio. €"
412,20192020,FC Barcelona,"Einnahmen: 152,90 Mio. €","Ausgaben: 298,50 Mio. €"
413,20192020,Atlético Madrid,"Einnahmen: 316,30 Mio. €","Ausgaben: 247,35 Mio. €"
414,20192020,Real Madrid,"Einnahmen: 136,80 Mio. €","Ausgaben: 355,50 Mio. €"
415,20192020,FC Getafe,"Einnahmen: 11,25 Mio. €","Ausgaben: 21,50 Mio. €"
416,20192020,FC Valencia,"Einnahmen: 56,30 Mio. €","Ausgaben: 75,00 Mio. €"
417,20192020,FC Sevilla,"Einnahmen: 131,45 Mio. €","Ausgaben: 188,73 Mio. €"
418,20192020,Athletic Bilbao,Einnahmen: 0,Ausgaben: 0
419,20192020,Real Sociedad San Sebastián,"Einnahmen: 9,50 Mio. €","Ausgaben: 31,75 Mio. €"
420,20192020,Espanyol Barcelona,"Einnahmen: 60,00 Mio. €","Ausgaben: 61,50 Mio. €"
421,20192020,Deportivo Alavés,"Einnahmen: 22,50 Mio. €","Ausgaben: 11,77 Mio. €"
422,20192020,SD Eibar,"Einnahmen: 27,00 Mio. €","Ausgaben: 17,30 Mio. €"
423,20192020,CD Leganés,"Einnahmen: 40,82 Mio. €","Ausgaben: 16,45 Mio. €"
424,20192020,Real Betis Sevilla,"Einnahmen: 72,00 Mio. €","Ausgaben: 96,45 Mio. €"
425,20192020,FC Villarreal,"Einnahmen: 69,30 Mio. €","Ausgaben: 43,80 Mio. €"
426,20192020,UD Levante,"Einnahmen: 14,90 Mio. €","Ausgaben: 14,60 Mio. €"
427,20192020,Real Valladolid,"Einnahmen: 8,00 Mio. €","Ausgaben: 1,40 Mio. €"
428,20192020,Celta Vigo,"Einnahmen: 40,65 Mio. €","Ausgaben: 24,60 Mio. €"
429,20192020,CA Osasuna,Einnahmen: 300 Tsd. €,"Ausgaben: 14,45 Mio. €"
430,20192020,FC Granada,Einnahmen: 300 Tsd. €,"Ausgaben: 11,24 Mio. €"
431,20192020,RCD Mallorca,Einnahmen: 0,"Ausgaben: 7,50 Mio. €"
432,20192020,FC Bayern München,"Einnahmen: 54,00 Mio. €","Ausgaben: 139,50 Mio. €"
433,20192020,Borussia Dortmund,"Einnahmen: 132,25 Mio. €","Ausgaben: 148,50 Mio. €"
434,20192020,RasenBallsport Leipzig,"Einnahmen: 45,25 Mio. €","Ausgaben: 86,50 Mio. €"
435,20192020,Bayer 04 Leverkusen,"Einnahmen: 33,50 Mio. €","Ausgaben: 98,20 Mio. €"
436,20192020,Borussia Mönchengladbach,"Einnahmen: 34,10 Mio. €","Ausgaben: 40,50 Mio. €"
437,20192020,VfL Wolfsburg,"Einnahmen: 14,30 Mio. €","Ausgaben: 34,80 Mio. €"
438,20192020,Eintracht Frankfurt,"Einnahmen: 114,80 Mio. €","Ausgaben: 82,64 Mio. €"
439,20192020,SV Werder Bremen,Einnahmen: 0,"Ausgaben: 13,95 Mio. €"
440,20192020,TSG 1899 Hoffenheim,"Einnahmen: 121,40 Mio. €","Ausgaben: 55,85 Mio. €"
441,20192020,Fortuna Düsseldorf,"Einnahmen: 11,60 Mio. €","Ausgaben: 11,15 Mio. €"
442,20192020,Hertha BSC,"Einnahmen: 23,45 Mio. €","Ausgaben: 110,70 Mio. €"
443,20192020,1.FSV Mainz 05,"Einnahmen: 27,00 Mio. €","Ausgaben: 29,70 Mio. €"
444,20192020,SC Freiburg,"Einnahmen: 8,10 Mio. €","Ausgaben: 17,50 Mio. €"
445,20192020,FC Schalke 04,"Einnahmen: 19,45 Mio. €","Ausgaben: 29,50 Mio. €"
446,20192020,FC Augsburg,"Einnahmen: 20,00 Mio. €","Ausgaben: 33,00 Mio. €"
447,20192020,1.FC Köln,"Einnahmen: 6,85 Mio. €","Ausgaben: 20,25 Mio. €"
448,20192020,SC Paderborn 07,"Einnahmen: 5,80 Mio. €",Ausgaben: 750 Tsd. €
449,20192020,1.FC Union Berlin,"Einnahmen: 1,25 Mio. €","Ausgaben: 10,05 Mio. €"
450,20192020,Atalanta Bergamo,"Einnahmen: 105,10 Mio. €","Ausgaben: 60,06 Mio. €"
451,20192020,FC Bologna,"Einnahmen: 28,68 Mio. €","Ausgaben: 67,04 Mio. €"
452,20192020,Brescia Calcio,Einnahmen: 100 Tsd. €,"Ausgaben: 18,65 Mio. €"
453,20192020,Cagliari Calcio,"Einnahmen: 18,86 Mio. €","Ausgaben: 40,10 Mio. €"
454,20192020,AC Florenz,"Einnahmen: 15,32 Mio. €","Ausgaben: 56,54 Mio. €"
455,20192020,Genua CFC,"Einnahmen: 66,35 Mio. €","Ausgaben: 50,37 Mio. €"
456,20192020,Hellas Verona,"Einnahmen: 43,67 Mio. €","Ausgaben: 21,19 Mio. €"
457,20192020,Inter Mailand,"Einnahmen: 66,74 Mio. €","Ausgaben: 191,72 Mio. €"
458,20192020,Juventus Turin,"Einnahmen: 203,14 Mio. €","Ausgaben: 230,50 Mio. €"
459,20192020,Lazio Rom,"Einnahmen: 35,35 Mio. €","Ausgaben: 49,95 Mio. €"
460,20192020,US Lecce,Einnahmen: 450 Tsd. €,"Ausgaben: 6,20 Mio. €"
461,20192020,AC Mailand,"Einnahmen: 59,23 Mio. €","Ausgaben: 124,08 Mio. €"
462,20192020,SSC Neapel,"Einnahmen: 48,72 Mio. €","Ausgaben: 206,52 Mio. €"
463,20192020,Parma Calcio 1913,"Einnahmen: 18,16 Mio. €","Ausgaben: 23,31 Mio. €"
464,20192020,AS Rom,"Einnahmen: 106,38 Mio. €","Ausgaben: 117,40 Mio. €"
465,20192020,Sampdoria Genua,"Einnahmen: 74,59 Mio. €","Ausgaben: 65,25 Mio. €"
466,20192020,US Sassuolo,"Einnahmen: 51,95 Mio. €","Ausgaben: 66,34 Mio. €"
467,20192020,SPAL,"Einnahmen: 39,70 Mio. €","Ausgaben: 26,15 Mio. €"
468,20192020,FC Turin,"Einnahmen: 24,40 Mio. €","Ausgaben: 28,80 Mio. €"
469,20192020,Udinese Calcio,"Einnahmen: 60,27 Mio. €","Ausgaben: 12,60 Mio. €"
470,20192020,Amiens SC,"Einnahmen: 5,44 Mio. €","Ausgaben: 18,15 Mio. €"
471,20192020,Angers SCO,"Einnahmen: 34,00 Mio. €","Ausgaben: 10,40 Mio. €"
472,20192020,FC Girondins Bordeaux,"Einnahmen: 62,25 Mio. €","Ausgaben: 17,00 Mio. €"
473,20192020,Stade Brest 29,Einnahmen: 500 Tsd. €,"Ausgaben: 7,50 Mio. €"
474,20192020,Dijon FCO,"Einnahmen: 24,50 Mio. €","Ausgaben: 10,47 Mio. €"
475,20192020,LOSC Lille,"Einnahmen: 151,00 Mio. €","Ausgaben: 99,40 Mio. €"
476,20192020,Olympique Lyon,"Einnahmen: 160,32 Mio. €","Ausgaben: 126,00 Mio. €"
477,20192020,Olympique Marseille,"Einnahmen: 27,25 Mio. €","Ausgaben: 27,00 Mio. €"
478,20192020,FC Metz,"Einnahmen: 2,60 Mio. €","Ausgaben: 14,35 Mio. €"
479,20192020,Nîmes Olympique,"Einnahmen: 20,50 Mio. €","Ausgaben: 9,85 Mio. €"
480,20192020,AS Monaco,"Einnahmen: 83,75 Mio. €","Ausgaben: 200,00 Mio. €"
481,20192020,HSC Montpellier,"Einnahmen: 40,00 Mio. €","Ausgaben: 20,30 Mio. €"
482,20192020,FC Nantes,"Einnahmen: 38,50 Mio. €","Ausgaben: 18,75 Mio. €"
483,20192020,OGC Nizza,"Einnahmen: 23,11 Mio. €","Ausgaben: 52,20 Mio. €"
484,20192020,FC Paris Saint-Germain,"Einnahmen: 105,90 Mio. €","Ausgaben: 95,00 Mio. €"
485,20192020,Stade Reims,"Einnahmen: 26,60 Mio. €","Ausgaben: 18,70 Mio. €"
486,20192020,FC Stade Rennes,"Einnahmen: 54,50 Mio. €","Ausgaben: 58,10 Mio. €"
487,20192020,AS Saint-Étienne,"Einnahmen: 45,85 Mio. €","Ausgaben: 13,45 Mio. €"
488,20192020,RC Straßburg Alsace,"Einnahmen: 21,50 Mio. €","Ausgaben: 11,00 Mio. €"
489,20192020,FC Toulouse,"Einnahmen: 17,15 Mio. €","Ausgaben: 14,00 Mio. €"
490,20202021,FC Arsenal,"Einnahmen: 19,15 Mio. €","Ausgaben: 86,00 Mio. €"
491,20202021,Aston Villa,"Einnahmen: 2,77 Mio. €","Ausgaben: 101,35 Mio. €"
492,20202021,Brighton & Hove Albion,"Einnahmen: 20,60 Mio. €","Ausgaben: 28,50 Mio. €"
493,20202021,FC Burnley,"Einnahmen: 2,30 Mio. €","Ausgaben: 1,10 Mio. €"
494,20202021,FC Chelsea,"Einnahmen: 57,15 Mio. €","Ausgaben: 247,20 Mio. €"
495,20202021,Crystal Palace,"Einnahmen: 20,00 Mio. €","Ausgaben: 22,40 Mio. €"
496,20202021,FC Everton,"Einnahmen: 4,43 Mio. €","Ausgaben: 74,37 Mio. €"
497,20202021,FC Fulham,Einnahmen: 0,"Ausgaben: 37,25 Mio. €"
498,20202021,Leeds United,Einnahmen: 0,"Ausgaben: 127,80 Mio. €"
499,20202021,Leicester City,"Einnahmen: 53,77 Mio. €","Ausgaben: 59,40 Mio. €"
500,20202021,FC Liverpool,"Einnahmen: 17,20 Mio. €","Ausgaben: 84,05 Mio. €"
501,20202021,Manchester City,"Einnahmen: 64,00 Mio. €","Ausgaben: 173,40 Mio. €"
502,20202021,Manchester United,"Einnahmen: 19,50 Mio. €","Ausgaben: 83,80 Mio. €"
503,20202021,Newcastle United,Einnahmen: 275 Tsd. €,"Ausgaben: 39,00 Mio. €"
504,20202021,Sheffield United,Einnahmen: 0,"Ausgaben: 62,70 Mio. €"
505,20202021,FC Southampton,"Einnahmen: 26,30 Mio. €","Ausgaben: 37,30 Mio. €"
506,20202021,Tottenham Hotspur,"Einnahmen: 13,30 Mio. €","Ausgaben: 110,50 Mio. €"
507,20202021,West Bromwich Albion,"Einnahmen: 8,10 Mio. €","Ausgaben: 42,14 Mio. €"
508,20202021,West Ham United,"Einnahmen: 45,41 Mio. €","Ausgaben: 54,70 Mio. €"
509,20202021,Wolverhampton Wanderers,"Einnahmen: 79,20 Mio. €","Ausgaben: 87,59 Mio. €"
510,20202021,Real Madrid,"Einnahmen: 104,20 Mio. €",Ausgaben: 0
511,20202021,FC Barcelona,"Einnahmen: 149,80 Mio. €","Ausgaben: 112,00 Mio. €"
512,20202021,Atlético Madrid,"Einnahmen: 83,30 Mio. €","Ausgaben: 91,00 Mio. €"
513,20202021,FC Sevilla,"Einnahmen: 19,68 Mio. €","Ausgaben: 74,35 Mio. €"
514,20202021,FC Villarreal,"Einnahmen: 26,65 Mio. €","Ausgaben: 36,50 Mio. €"
515,20202021,FC Getafe,"Einnahmen: 9,75 Mio. €","Ausgaben: 22,05 Mio. €"
516,20202021,Real Sociedad San Sebastián,"Einnahmen: 28,25 Mio. €","Ausgaben: 10,00 Mio. €"
517,20202021,FC Valencia,"Einnahmen: 87,85 Mio. €",Ausgaben: 50 Tsd. €
518,20202021,Athletic Bilbao,Einnahmen: 0,"Ausgaben: 12,00 Mio. €"
519,20202021,FC Granada,Einnahmen: 0,"Ausgaben: 20,50 Mio. €"
520,20202021,CA Osasuna,"Einnahmen: 3,45 Mio. €","Ausgaben: 9,15 Mio. €"
521,20202021,UD Levante,"Einnahmen: 5,00 Mio. €","Ausgaben: 4,00 Mio. €"
522,20202021,Real Betis Sevilla,"Einnahmen: 43,70 Mio. €",Ausgaben: 0
523,20202021,Real Valladolid,"Einnahmen: 12,10 Mio. €","Ausgaben: 9,85 Mio. €"
524,20202021,FC Cádiz,Einnahmen: 0,"Ausgaben: 10,10 Mio. €"
525,20202021,SD Eibar,Einnahmen: 150 Tsd. €,"Ausgaben: 2,00 Mio. €"
526,20202021,Deportivo Alavés,"Einnahmen: 4,88 Mio. €",Ausgaben: 0
527,20202021,SD Huesca ,Einnahmen: 0,"Ausgaben: 4,65 Mio. €"
528,20202021,Celta Vigo,"Einnahmen: 2,50 Mio. €","Ausgaben: 3,00 Mio. €"
529,20202021,FC Elche,"Einnahmen: 7,30 Mio. €","Ausgaben: 6,10 Mio. €"
530,20202021,FC Bayern München,"Einnahmen: 22,25 Mio. €","Ausgaben: 66,25 Mio. €"
531,20202021,Borussia Dortmund,"Einnahmen: 5,50 Mio. €","Ausgaben: 50,00 Mio. €"
532,20202021,RasenBallsport Leipzig,"Einnahmen: 77,50 Mio. €","Ausgaben: 58,00 Mio. €"
533,20202021,Borussia Mönchengladbach,Einnahmen: 0,"Ausgaben: 13,50 Mio. €"
534,20202021,Bayer 04 Leverkusen,"Einnahmen: 91,00 Mio. €","Ausgaben: 46,20 Mio. €"
535,20202021,TSG 1899 Hoffenheim,"Einnahmen: 17,75 Mio. €","Ausgaben: 4,00 Mio. €"
536,20202021,VfL Wolfsburg,"Einnahmen: 11,10 Mio. €","Ausgaben: 22,00 Mio. €"
537,20202021,SC Freiburg,"Einnahmen: 37,95 Mio. €","Ausgaben: 14,35 Mio. €"
538,20202021,Eintracht Frankfurt,"Einnahmen: 17,70 Mio. €","Ausgaben: 10,75 Mio. €"
539,20202021,Hertha BSC,"Einnahmen: 10,45 Mio. €","Ausgaben: 31,25 Mio. €"
540,20202021,1.FC Union Berlin,"Einnahmen: 6,92 Mio. €","Ausgaben: 1,70 Mio. €"
541,20202021,FC Schalke 04,"Einnahmen: 8,00 Mio. €","Ausgaben: 2,00 Mio. €"
542,20202021,1.FSV Mainz 05,"Einnahmen: 13,70 Mio. €","Ausgaben: 2,00 Mio. €"
543,20202021,1.FC Köln,"Einnahmen: 15,00 Mio. €","Ausgaben: 18,50 Mio. €"
544,20202021,FC Augsburg,"Einnahmen: 8,40 Mio. €","Ausgaben: 10,30 Mio. €"
545,20202021,SV Werder Bremen,"Einnahmen: 11,70 Mio. €","Ausgaben: 11,00 Mio. €"
546,20202021,Arminia Bielefeld,Einnahmen: 100 Tsd. €,Ausgaben: 500 Tsd. €
547,20202021,VfB Stuttgart,"Einnahmen: 7,50 Mio. €","Ausgaben: 14,95 Mio. €"
548,20202021,Atalanta Bergamo,"Einnahmen: 75,40 Mio. €","Ausgaben: 62,04 Mio. €"
549,20202021,Benevento Calcio,"Einnahmen: 1,00 Mio. €","Ausgaben: 11,60 Mio. €"
550,20202021,FC Bologna,"Einnahmen: 5,00 Mio. €","Ausgaben: 3,15 Mio. €"
551,20202021,Cagliari Calcio,"Einnahmen: 42,66 Mio. €","Ausgaben: 34,18 Mio. €"
552,20202021,FC Crotone,Einnahmen: 0,"Ausgaben: 5,49 Mio. €"
553,20202021,AC Florenz,"Einnahmen: 59,89 Mio. €","Ausgaben: 55,30 Mio. €"
554,20202021,Genua CFC,"Einnahmen: 67,29 Mio. €","Ausgaben: 64,68 Mio. €"
555,20202021,Hellas Verona,"Einnahmen: 5,40 Mio. €","Ausgaben: 18,95 Mio. €"
556,20202021,Inter Mailand,"Einnahmen: 82,95 Mio. €","Ausgaben: 126,50 Mio. €"
557,20202021,Juventus Turin,"Einnahmen: 110,56 Mio. €","Ausgaben: 158,01 Mio. €"
558,20202021,Lazio Rom,"Einnahmen: 7,85 Mio. €","Ausgaben: 41,70 Mio. €"
559,20202021,AC Mailand,"Einnahmen: 52,09 Mio. €","Ausgaben: 31,92 Mio. €"
560,20202021,SSC Neapel,"Einnahmen: 123,06 Mio. €","Ausgaben: 77,25 Mio. €"
561,20202021,Parma Calcio 1913,"Einnahmen: 4,00 Mio. €","Ausgaben: 104,33 Mio. €"
562,20202021,AS Rom,"Einnahmen: 49,00 Mio. €","Ausgaben: 72,10 Mio. €"
563,20202021,Sampdoria Genua,"Einnahmen: 12,10 Mio. €","Ausgaben: 17,75 Mio. €"
564,20202021,US Sassuolo,"Einnahmen: 62,36 Mio. €","Ausgaben: 29,66 Mio. €"
565,20202021,Spezia Calcio,"Einnahmen: 1,96 Mio. €","Ausgaben: 5,14 Mio. €"
566,20202021,FC Turin,"Einnahmen: 27,00 Mio. €","Ausgaben: 46,70 Mio. €"
567,20202021,Udinese Calcio,"Einnahmen: 31,55 Mio. €","Ausgaben: 21,50 Mio. €"
568,20202021,FC Paris Saint-Germain,Einnahmen: 400 Tsd. €,"Ausgaben: 62,00 Mio. €"
569,20202021,Olympique Marseille,"Einnahmen: 32,05 Mio. €","Ausgaben: 17,42 Mio. €"
570,20202021,FC Stade Rennes,"Einnahmen: 55,42 Mio. €","Ausgaben: 70,56 Mio. €"
571,20202021,LOSC Lille,"Einnahmen: 104,18 Mio. €","Ausgaben: 40,43 Mio. €"
572,20202021,OGC Nizza,"Einnahmen: 20,51 Mio. €","Ausgaben: 29,23 Mio. €"
573,20202021,Stade Reims,"Einnahmen: 17,00 Mio. €","Ausgaben: 11,20 Mio. €"
574,20202021,Olympique Lyon,"Einnahmen: 50,60 Mio. €","Ausgaben: 36,69 Mio. €"
575,20202021,HSC Montpellier,Einnahmen: 0,"Ausgaben: 13,10 Mio. €"
576,20202021,RC Straßburg Alsace,Einnahmen: 500 Tsd. €,"Ausgaben: 12,00 Mio. €"
577,20202021,AS Monaco,"Einnahmen: 13,53 Mio. €","Ausgaben: 52,70 Mio. €"
578,20202021,Angers SCO,"Einnahmen: 10,70 Mio. €","Ausgaben: 11,25 Mio. €"
579,20202021,FC Girondins Bordeaux,"Einnahmen: 17,00 Mio. €",Ausgaben: 0
580,20202021,FC Nantes,"Einnahmen: 2,00 Mio. €","Ausgaben: 5,00 Mio. €"
581,20202021,Stade Brest 29,"Einnahmen: 12,00 Mio. €","Ausgaben: 16,10 Mio. €"
582,20202021,FC Metz,"Einnahmen: 10,00 Mio. €","Ausgaben: 14,70 Mio. €"
583,20202021,Dijon FCO,"Einnahmen: 17,00 Mio. €","Ausgaben: 15,80 Mio. €"
584,20202021,AS Saint-Étienne,"Einnahmen: 44,10 Mio. €","Ausgaben: 5,60 Mio. €"
585,20202021,Nîmes Olympique,"Einnahmen: 2,50 Mio. €","Ausgaben: 11,25 Mio. €"
586,20202021,FC Lorient,"Einnahmen: 6,50 Mio. €","Ausgaben: 26,50 Mio. €"
587,20202021,RC Lens,Einnahmen: 0,"Ausgaben: 19,00 Mio. €"
588,20212022,FC Arsenal,"Einnahmen: 31,40 Mio. €","Ausgaben: 167,40 Mio. €"
589,20212022,Aston Villa,"Einnahmen: 127,00 Mio. €","Ausgaben: 129,80 Mio. €"
590,20212022,FC Brentford,"Einnahmen: 1,00 Mio. €","Ausgaben: 36,70 Mio. €"
591,20212022,Brighton & Hove Albion,"Einnahmen: 78,50 Mio. €","Ausgaben: 75,00 Mio. €"
592,20212022,FC Burnley,"Einnahmen: 40,50 Mio. €","Ausgaben: 49,40 Mio. €"
593,20212022,FC Chelsea,"Einnahmen: 148,94 Mio. €","Ausgaben: 118,00 Mio. €"
594,20212022,Crystal Palace,Einnahmen: 0,"Ausgaben: 85,62 Mio. €"
595,20212022,FC Everton,"Einnahmen: 46,00 Mio. €","Ausgaben: 39,50 Mio. €"
596,20212022,Leeds United,Einnahmen: 0,"Ausgaben: 59,30 Mio. €"
597,20212022,Leicester City,"Einnahmen: 4,00 Mio. €","Ausgaben: 67,60 Mio. €"
598,20212022,FC Liverpool,"Einnahmen: 29,55 Mio. €","Ausgaben: 87,00 Mio. €"
599,20212022,Manchester City,"Einnahmen: 93,80 Mio. €","Ausgaben: 138,90 Mio. €"
600,20212022,Manchester United,"Einnahmen: 31,10 Mio. €","Ausgaben: 142,00 Mio. €"
601,20212022,Newcastle United,Einnahmen: 0,"Ausgaben: 130,50 Mio. €"
602,20212022,Norwich City,"Einnahmen: 38,40 Mio. €","Ausgaben: 63,55 Mio. €"
603,20212022,FC Southampton,"Einnahmen: 60,35 Mio. €","Ausgaben: 43,10 Mio. €"
604,20212022,Tottenham Hotspur,"Einnahmen: 34,62 Mio. €","Ausgaben: 95,90 Mio. €"
605,20212022,FC Watford,"Einnahmen: 12,85 Mio. €","Ausgaben: 43,50 Mio. €"
606,20212022,West Ham United,"Einnahmen: 4,24 Mio. €","Ausgaben: 74,50 Mio. €"
607,20212022,Wolverhampton Wanderers,"Einnahmen: 31,80 Mio. €","Ausgaben: 37,60 Mio. €"
608,20212022,Atlético Madrid,"Einnahmen: 22,75 Mio. €","Ausgaben: 80,70 Mio. €"
609,20212022,FC Barcelona,"Einnahmen: 70,76 Mio. €","Ausgaben: 69,50 Mio. €"
610,20212022,Real Madrid,"Einnahmen: 78,00 Mio. €","Ausgaben: 31,00 Mio. €"
611,20212022,FC Sevilla,"Einnahmen: 28,50 Mio. €","Ausgaben: 41,50 Mio. €"
612,20212022,Real Sociedad San Sebastián,Einnahmen: 0,"Ausgaben: 2,50 Mio. €"
613,20212022,FC Villarreal,"Einnahmen: 10,38 Mio. €","Ausgaben: 54,50 Mio. €"
614,20212022,Real Betis Sevilla,"Einnahmen: 14,00 Mio. €","Ausgaben: 3,25 Mio. €"
615,20212022,Athletic Bilbao,Einnahmen: 0,Ausgaben: 0
616,20212022,FC Granada,"Einnahmen: 3,00 Mio. €","Ausgaben: 17,45 Mio. €"
617,20212022,Celta Vigo,"Einnahmen: 1,80 Mio. €","Ausgaben: 10,02 Mio. €"
618,20212022,FC Cádiz,Einnahmen: 0,"Ausgaben: 6,10 Mio. €"
619,20212022,Espanyol Barcelona,Einnahmen: 0,"Ausgaben: 6,00 Mio. €"
620,20212022,CA Osasuna,Einnahmen: 0,"Ausgaben: 8,70 Mio. €"
621,20212022,UD Levante,Einnahmen: 0,Ausgaben: 875 Tsd. €
622,20212022,FC Valencia,"Einnahmen: 2,70 Mio. €","Ausgaben: 13,35 Mio. €"
623,20212022,FC Getafe,"Einnahmen: 21,00 Mio. €","Ausgaben: 16,00 Mio. €"
624,20212022,Deportivo Alavés,"Einnahmen: 3,50 Mio. €","Ausgaben: 1,15 Mio. €"
625,20212022,FC Elche,"Einnahmen: 2,10 Mio. €","Ausgaben: 8,20 Mio. €"
626,20212022,RCD Mallorca,"Einnahmen: 9,00 Mio. €","Ausgaben: 10,00 Mio. €"
627,20212022,Rayo Vallecano,"Einnahmen: 2,20 Mio. €","Ausgaben: 4,30 Mio. €"
628,20212022,FC Bayern München,"Einnahmen: 4,00 Mio. €","Ausgaben: 57,50 Mio. €"
629,20212022,RasenBallsport Leipzig,"Einnahmen: 113,50 Mio. €","Ausgaben: 107,62 Mio. €"
630,20212022,Borussia Dortmund,"Einnahmen: 109,50 Mio. €","Ausgaben: 45,00 Mio. €"
631,20212022,VfL Wolfsburg,"Einnahmen: 22,70 Mio. €","Ausgaben: 76,18 Mio. €"
632,20212022,Eintracht Frankfurt,"Einnahmen: 28,40 Mio. €","Ausgaben: 13,45 Mio. €"
633,20212022,Bayer 04 Leverkusen,"Einnahmen: 43,10 Mio. €","Ausgaben: 55,35 Mio. €"
634,20212022,1.FC Union Berlin,"Einnahmen: 19,55 Mio. €","Ausgaben: 20,10 Mio. €"
635,20212022,Borussia Mönchengladbach,"Einnahmen: 10,20 Mio. €","Ausgaben: 17,00 Mio. €"
636,20212022,VfB Stuttgart,"Einnahmen: 40,92 Mio. €","Ausgaben: 14,85 Mio. €"
637,20212022,SC Freiburg,"Einnahmen: 14,55 Mio. €","Ausgaben: 9,50 Mio. €"
638,20212022,TSG 1899 Hoffenheim,Einnahmen: 850 Tsd. €,Ausgaben: 0
639,20212022,1.FSV Mainz 05,"Einnahmen: 18,05 Mio. €","Ausgaben: 6,90 Mio. €"
640,20212022,FC Augsburg,"Einnahmen: 12,80 Mio. €","Ausgaben: 24,06 Mio. €"
641,20212022,Hertha BSC,"Einnahmen: 52,50 Mio. €","Ausgaben: 27,40 Mio. €"
642,20212022,Arminia Bielefeld,Einnahmen: 500 Tsd. €,"Ausgaben: 9,44 Mio. €"
643,20212022,1.FC Köln,"Einnahmen: 23,45 Mio. €",Ausgaben: 550 Tsd. €
644,20212022,VfL Bochum,Einnahmen: 350 Tsd. €,Ausgaben: 0
645,20212022,SpVgg Greuther Fürth,"Einnahmen: 3,55 Mio. €","Ausgaben: 1,40 Mio. €"
646,20212022,Inter Mailand,"Einnahmen: 205,05 Mio. €","Ausgaben: 42,55 Mio. €"
647,20212022,AC Mailand,"Einnahmen: 5,12 Mio. €","Ausgaben: 93,11 Mio. €"
648,20212022,Atalanta Bergamo,"Einnahmen: 48,99 Mio. €","Ausgaben: 65,20 Mio. €"
649,20212022,Juventus Turin,"Einnahmen: 64,03 Mio. €","Ausgaben: 129,50 Mio. €"
650,20212022,SSC Neapel,"Einnahmen: 3,20 Mio. €","Ausgaben: 23,30 Mio. €"
651,20212022,Lazio Rom,"Einnahmen: 8,90 Mio. €","Ausgaben: 13,80 Mio. €"
652,20212022,AS Rom,"Einnahmen: 17,24 Mio. €","Ausgaben: 127,65 Mio. €"
653,20212022,US Sassuolo,"Einnahmen: 22,80 Mio. €","Ausgaben: 37,12 Mio. €"
654,20212022,Sampdoria Genua,"Einnahmen: 9,70 Mio. €","Ausgaben: 14,51 Mio. €"
655,20212022,Hellas Verona,"Einnahmen: 37,52 Mio. €","Ausgaben: 42,27 Mio. €"
656,20212022,Genua CFC,"Einnahmen: 18,62 Mio. €","Ausgaben: 39,10 Mio. €"
657,20212022,FC Bologna,"Einnahmen: 25,00 Mio. €","Ausgaben: 32,31 Mio. €"
658,20212022,Udinese Calcio,"Einnahmen: 79,63 Mio. €","Ausgaben: 9,40 Mio. €"
659,20212022,AC Florenz,"Einnahmen: 112,20 Mio. €","Ausgaben: 64,40 Mio. €"
660,20212022,Spezia Calcio,"Einnahmen: 2,20 Mio. €","Ausgaben: 27,79 Mio. €"
661,20212022,Cagliari Calcio,"Einnahmen: 7,37 Mio. €","Ausgaben: 15,20 Mio. €"
662,20212022,FC Turin,"Einnahmen: 16,50 Mio. €","Ausgaben: 13,40 Mio. €"
663,20212022,FC Empoli,"Einnahmen: 28,20 Mio. €","Ausgaben: 10,50 Mio. €"
664,20212022,US Salernitana 1919,Einnahmen: 0,"Ausgaben: 14,35 Mio. €"
665,20212022,Venezia FC,Einnahmen: 200 Tsd. €,"Ausgaben: 22,09 Mio. €"
666,20212022,LOSC Lille,"Einnahmen: 76,85 Mio. €","Ausgaben: 25,60 Mio. €"
667,20212022,FC Paris Saint-Germain,"Einnahmen: 11,00 Mio. €","Ausgaben: 91,00 Mio. €"
668,20212022,AS Monaco,"Einnahmen: 34,64 Mio. €","Ausgaben: 45,50 Mio. €"
669,20212022,Olympique Lyon,"Einnahmen: 95,60 Mio. €","Ausgaben: 22,92 Mio. €"
670,20212022,Olympique Marseille,"Einnahmen: 8,00 Mio. €","Ausgaben: 54,12 Mio. €"
671,20212022,FC Stade Rennes,"Einnahmen: 45,40 Mio. €","Ausgaben: 81,50 Mio. €"
672,20212022,RC Lens,"Einnahmen: 18,00 Mio. €","Ausgaben: 20,60 Mio. €"
673,20212022,HSC Montpellier,"Einnahmen: 25,00 Mio. €",Ausgaben: 200 Tsd. €
674,20212022,OGC Nizza,"Einnahmen: 26,05 Mio. €","Ausgaben: 55,00 Mio. €"
675,20212022,FC Metz,"Einnahmen: 23,50 Mio. €","Ausgaben: 2,50 Mio. €"
676,20212022,AS Saint-Étienne,Einnahmen: 0,Ausgaben: 600 Tsd. €
677,20212022,FC Girondins Bordeaux,"Einnahmen: 18,60 Mio. €","Ausgaben: 9,80 Mio. €"
678,20212022,Angers SCO,"Einnahmen: 18,10 Mio. €","Ausgaben: 1,87 Mio. €"
679,20212022,Stade Reims,"Einnahmen: 15,05 Mio. €","Ausgaben: 16,00 Mio. €"
680,20212022,RC Straßburg Alsace,"Einnahmen: 16,00 Mio. €","Ausgaben: 4,50 Mio. €"
681,20212022,FC Lorient,"Einnahmen: 10,00 Mio. €","Ausgaben: 10,50 Mio. €"
682,20212022,Stade Brest 29,"Einnahmen: 28,20 Mio. €","Ausgaben: 9,25 Mio. €"
683,20212022,FC Nantes,"Einnahmen: 15,80 Mio. €","Ausgaben: 7,50 Mio. €"
684,20212022,ESTAC Troyes,Einnahmen: 0,"Ausgaben: 21,80 Mio. €"
685,20212022,Clermont Foot 63,Einnahmen: 0,Ausgaben: 0
