match_id,team_id,kicker_id,gk_id,gk,kicker
2698008,29,13507,3146,Shay Given,Leighton Baines
3050428,989,91059,45026,Rui Patrício,Joshua King
2698010,1003,171424,29692,Lukasz Fabianski,Riyad Mahrez
2578014,281,46156,29712,John Ruddy,Aleksandar Kolarov
2872361,762,81999,192080,Nick Pope,Joselu
2578196,180,200512,50219,Simon Mignolet,Sadio Mané
2872461,281,363205,29692,Lukasz Fabianski,Gabriel Jesus
3219292,543,134425,45026,Rui Patrício,Raheem Sterling
2698377,2288,41384,29692,Lukasz Fabianski,Marko Arnautovic
2872266,873,50201,33873,Asmir Begovic,Christian Benteke
2578095,405,171424,49319,Mark Bunn,Riyad Mahrez
2872372,985,40433,48870,Jonas Lössl,Alexis Sánchez
3420840,631,102017,105470,Alisson,Jorginho
3219267,379,292417,29692,Lukasz Fabianski,Demarai Gray
3420839,405,156941,111873,Emiliano Martínez,John Lundstram
3050453,148,58864,17965,Hugo Lloris,Pierre-Emerick Aubameyang
2698096,3008,40433,2857,Eldin Jakupovic,Alexis Sánchez
2698378,180,36139,2857,Eldin Jakupovic,Dusan Tadic
3050242,31,171424,105470,Alisson,Riyad Mahrez
2698007,873,29434,15220,Artur Boruc,Yohan Cabaye
3219160,1003,217115,16911,Kasper Schmeichel,Neal Maupay
2872169,1003,197838,50219,Simon Mignolet,Jamie Vardy
3050452,985,122153,201574,Angus Gunn,Paul Pogba
2577894,984,27614,108390,Thibaut Courtois,James Morrison
2578040,984,15799,3838,Boaz Myhill,Santi Cazorla
3050350,931,290951,48870,Jonas Lössl,Aboubakar Kamara
2872182,512,128897,52570,Fraser Forster,Saido Berahino
3050251,29,74300,130164,Jordan Pickford,Luka Milivojevic
2578238,984,128897,19059,Heurelho Gomes,Saido Berahino
2578238,984,128897,19059,Heurelho Gomes,Saido Berahino
2698202,379,31835,34130,Tom Heaton,Mark Noble
3050465,762,92469,130164,Jordan Pickford,Matt Ritchie
2872287,1237,45693,192080,Nick Pope,Glenn Murray
2872291,281,363205,17965,Hugo Lloris,Gabriel Jesus
2698385,31,3333,52570,Fraser Forster,James Milner
2872492,2288,86792,29692,Lukasz Fabianski,Xherdan Shaqiri
2872289,29,3332,29692,Lukasz Fabianski,Wayne Rooney
3050263,985,122153,130164,Jordan Pickford,Paul Pogba
3219094,543,122153,45026,Rui Patrício,Paul Pogba
2698434,985,4,15220,Artur Boruc,Zlatan Ibrahimović
2698369,281,171424,19948,Willy Caballero,Riyad Mahrez
3219245,1010,65477,195488,Paulo Gazzaniga,Troy Deeney
3050168,989,123682,61694,Neil Etheridge,Callum Wilson
3421719,762,240306,99397,Karl Darlow,Bruno Fernandes
3421720,350,4,427568,Aaron Ramsdale,Aleksandar Mitrović
2698400,641,37304,39471,Brad Guzan,Shane Long
3219432,985,258923,64399,Vicente Guaita,Marcus Rashford
2698116,148,111630,40423,Claudio Bravo,Erik Lamela
2872303,379,45403,39037,Rob Elliot,André Ayew
2578265,762,29434,99397,Karl Darlow,Yohan Cabaye
2872408,29,3332,128969,Mathew Ryan,Wayne Rooney
3050179,603,281404,61694,Neil Etheridge,Kenedy
2698313,989,91059,51321,Darren Randolph,Joshua King
2698313,989,110858,51321,Darren Randolph,Benik Afobe
3219264,1132,197838,192080,Nick Pope,Jamie Vardy
2698234,1010,50201,19059,Heurelho Gomes,Christian Benteke
3219236,350,363205,258919,Dean Henderson,Gabriel Jesus
2698134,281,88755,4311,Maarten Stekelenburg,Kevin De Bruyne
2698134,281,26399,4311,Maarten Stekelenburg,Sergio Agüero
2698133,873,50201,71271,Adrián,Christian Benteke
2872406,11,65477,5658,Petr Cech,Troy Deeney
2578250,989,37171,15220,Artur Boruc,Craig Gardner
2698328,180,112343,30690,Sergio Romero,Manolo Gabbiadini
3219109,29,181579,130164,Jordan Pickford,James Ward-Prowse
3219338,1123,58864,33027,Tim Krul,Pierre-Emerick Aubameyang
2578260,1003,197838,101118,Joel Robles,Jamie Vardy
2872426,1237,45693,16911,Kasper Schmeichel,Glenn Murray
2872317,873,74300,238223,Ederson,Luka Milivojevic
3421752,379,406040,29692,Lukasz Fabianski,Ademola Lookman
3050201,873,129627,45494,Wayne Hennessey,Charlie Austin
3421748,1003,197838,45026,Rui Patrício,Jamie Vardy
3421749,281,88755,105470,Alisson,Kevin De Bruyne
2578075,281,81808,33781,Vito Mannone,Wilfried Bony
2698351,180,55742,52570,Fraser Forster,Harry Arter
3219219,405,91845,7825,Pepe Reina,Heung-min Son
2578167,281,26399,39471,Brad Guzan,Sergio Agüero
2578169,29,96341,71271,Adrián,Romelu Lukaku
3421755,931,149716,130164,Jordan Pickford,Ivan Cavaleiro
2697986,11,33713,50219,Simon Mignolet,Theo Walcott
3050312,379,195680,29692,Lukasz Fabianski,Joe Ralls
2698348,631,50202,19948,Willy Caballero,Eden Hazard
2872140,985,96341,16911,Kasper Schmeichel,Romelu Lukaku
3421764,1237,217115,105470,Alisson,Neal Maupay
3219149,1010,134425,13572,Ben Foster,Raheem Sterling
2698144,512,44675,4233,Adam Federici,Bojan Krkic
3219397,1123,381362,29391,Michael McGovern,Wesley Moraes
3050414,148,197838,17965,Hugo Lloris,Jamie Vardy
2578222,1003,171424,15220,Artur Boruc,Riyad Mahrez
3050322,29,90466,13572,Ben Foster,Gylfi Sigurdsson
2872252,29,3332,40204,Joe Hart,Wayne Rooney
2872252,29,135853,130164,Jordan Pickford,Manuel Lanzini
2594716,1084,8198,7914,Carlos Kameni,Cristiano Ronaldo
2718775,1049,125781,42373,Diego Alves,Antoine Griezmann
2718775,1049,22969,42373,Diego Alves,Gabi
3592275,379,234781,29692,Lukasz Fabianski,Maxwel Cornet
2594613,1533,74954,227805,Jaume Doménech,Saúl Berjón
2594522,131,68290,58341,Javi Varas,Neymar
2899745,3709,57825,71570,Iago Herrerín,Jorge Molina
3592196,1123,145988,201574,Angus Gunn,Wilfried Zaha
2899733,681,122155,199321,Rubén Blanco,Willian José
2719081,131,28003,58115,Yoel Rodríguez,Lionel Messi
2899847,3709,138803,44062,Antonio Adán,Francisco Portillo
2594625,2448,44352,27493,Iván Cuéllar,Luis Suárez
3592221,631,102017,29692,Lukasz Fabianski,Jorginho
2899837,1108,44699,172015,Fernando Pacheco,Antunes
3429811,180,74300,52570,Fraser Forster,Luka Milivojevic
2594631,418,8198,229604,Gerónimo Rulli,Cristiano Ronaldo
3592239,1123,134425,201574,Angus Gunn,Raheem Sterling
3591969,379,31835,59377,David de Gea,Mark Noble
2718997,1049,174344,42373,Diego Alves,Fayçal Fajr
2594731,367,44352,120705,Juan Carlos,Luis Suárez
3429717,31,53622,105470,Alisson,Ilkay Gündogan
3591988,985,240306,111873,Emiliano Martínez,Bruno Fernandes
2594535,13,125781,79422,Keylor Navas,Antoine Griezmann
2899844,368,70934,51710,Sergio Asenjo,Nolito
2899563,897,177065,79422,Keylor Navas,Florin Andone
2718906,331,178107,57693,Mario Fernández,Michael Santos
2718802,1108,8198,172015,Fernando Pacheco,Cristiano Ronaldo
2594649,1084,55619,45912,Sergio Álvarez,Nordin Amrabat
3079374,1244,184672,51710,Sergio Asenjo,Guido Carrillo
2594547,1049,7782,227805,Jaume Doménech,Duda
2899930,1108,28003,172015,Fernando Pacheco,Lionel Messi
2719006,897,81532,29559,Guillermo Ochoa,Celso Borges
2594752,131,28003,64399,Vicente Guaita,Lionel Messi
2899674,621,188854,192279,Kepa Arrizabalaga,Manu Trigueros
2594560,367,246277,35536,Toño,Burgui
2594644,2448,51587,27493,Iván Cuéllar,Pedro León
2899575,1244,137704,64399,Vicente Guaita,Miguel Ángel Guerrero
3429839,281,26399,442531,Edouard Mendy,Sergio Agüero
2718917,13,125781,71570,Iago Herrerín,Antoine Griezmann
2899769,368,132921,207302,Sergio Rico,Aday Benítez
3592051,11,93720,29692,Lukasz Fabianski,Alexandre Lacazette
2718710,2448,54231,7874,Gorka Iraizoz,Isma López
3421826,873,295330,64399,Vicente Guaita,Kelechi Iheanacho
3592270,379,171424,29692,Lukasz Fabianski,Riyad Mahrez
3429850,762,340329,14555,Scott Carson,Joe Willock
2719022,13,140776,25508,Salvatore Sirigu,Yannick Carrasco
2719022,13,230784,25508,Salvatore Sirigu,Thomas Partey
2718723,1533,51587,128969,Mathew Ryan,Pedro León
3429752,984,82873,110864,Sam Johnstone,Pascal Groß
3429752,984,67063,110864,Sam Johnstone,Danny Welbeck
2594763,418,8198,207302,Sergio Rico,Cristiano Ronaldo
2594763,418,27389,79422,Keylor Navas,Kévin Gameiro
2718821,1108,177467,172015,Fernando Pacheco,Gerard Moreno
3079390,1108,127837,226012,David Soria,Ibai Gómez
3079502,714,348795,34370,Diego López,Giovani Lo Celso
3079499,5358,162056,51710,Sergio Asenjo,Gonzalo Melero
2899688,3709,263727,64399,Vicente Guaita,Joan Jordán
2899784,897,73185,34370,Diego López,Lucas Pérez
2899584,12321,255284,207302,Sergio Rico,Álex Granell
2718927,13,7767,45912,Sergio Álvarez,Fernando Torres
2594780,621,29124,57522,Andrés Fernández,Aritz Aduriz
2718833,418,46415,79422,Keylor Navas,Duje Cop
2899692,681,85324,229604,Gerónimo Rulli,Borja Bastón
2899789,1050,51510,51710,Sergio Asenjo,Ángel Rodríguez
2899789,1050,57825,51710,Sergio Asenjo,Jorge Molina
3079409,1050,177467,65263,Jordi Masip,Gerard Moreno
2718832,331,63056,121483,Jan Oblak,Roberto Torres
2718728,418,63056,27486,Kiko Casilla,Roberto Torres
2899598,621,29124,121483,Jan Oblak,Aritz Aduriz
2718730,1084,44412,7914,Carlos Kameni,Bruno Soriano
2899866,1108,7767,172015,Fernando Pacheco,Fernando Torres
2899796,621,433049,192279,Kepa Arrizabalaga,Youssef En-Nesyri
3429862,984,357662,110864,Sam Johnstone,Declan Rice
3079524,366,65331,165467,Stole Dimitrievski,Míchel Herrero
2718743,150,296783,44062,Antonio Adán,Ezequiel Ponce
2899797,621,29124,111819,Neto,Aritz Aduriz
3592297,1003,148455,16911,Kasper Schmeichel,Mohamed Salah
3429762,379,141660,542586,Illan Meslier,Jesse Lingard
2594586,897,70934,19979,Germán Lux,Nolito
2594587,2448,228761,8184,Rubén Martínez,Jony
2899704,472,153238,286415,Pau López,Jonathan Viera
3429869,281,90466,238223,Ederson,Gylfi Sigurdsson
2718938,714,37834,25508,Salvatore Sirigu,Felipe Caicedo
2718845,897,16135,229604,Gerónimo Rulli,Ryan Babel
2594581,3709,7923,64399,Vicente Guaita,Roberto Trashorras
2899810,1108,76273,8176,Oier Olazábal,Manu García
3591951,11,58864,13572,Ben Foster,Pierre-Emerick Aubameyang
2899912,3709,174344,121483,Jan Oblak,Fayçal Fajr
3079529,1049,131505,65263,Jordi Masip,Rodrigo
3592305,29,306024,403151,Robert Sánchez,Dominic Calvert-Lewin
2594803,1049,126716,23338,Asier Riesgo,Paco Alcácer
3583482,762,104124,226049,Freddie Woodman,Michail Antonio
2718761,1533,51587,229604,Gerónimo Rulli,Pedro León
3592112,1237,82873,128899,Jack Butland,Pascal Groß
2899889,714,177467,26065,Miguel Ángel Moyá,Gerard Moreno
2899726,940,72047,79422,Keylor Navas,Iago Aspas
2718966,2448,77707,27493,Iván Cuéllar,Emre Çolak
3592199,1003,145988,16911,Kasper Schmeichel,Wilfried Zaha
2594702,131,28003,45912,Sergio Álvarez,Lionel Messi
2594503,131,28003,8184,Rubén Martínez,Lionel Messi
2718976,1049,59561,27493,Iván Cuéllar,Dani Parejo
3080875,367,59561,58497,Alberto García,Dani Parejo
2581986,98,39743,48015,Lukas Hradecky,Sandro Wagner
2704677,27,1792,80,Tom Starke,Hamit Altintop
2704678,16,58864,55089,Oliver Baumann,Pierre-Emerick Aubameyang
3605279,940,72047,367464,Luís Maximiano,Iago Aspas
3605294,621,34601,172015,Fernando Pacheco,Raúl García
2704532,24,39259,45601,Martin Hansen,Makoto Hasebe
2704529,41,4687,93763,Alexander Schwolow,Aaron Hunt
3208665,237,177452,262396,Unai Simón,Abdón Prats
3208665,237,29124,29051,Manolo Reina,Aritz Aduriz
3605296,237,252677,29051,Manolo Reina,José Luis Morales
2704525,18,102226,57071,Péter Gulácsi,Thorgan Hazard
3080787,681,34601,229604,Gerónimo Rulli,Raúl García
3209963,237,58799,172015,Fernando Pacheco,Salva Sevilla
3451062,131,95732,4,Marko Dmitrović,Martin Braithwaite
2704332,04,126414,57071,Péter Gulácsi,Hakan Calhanoglu
3611511,16795,57825,34370,Diego López,Jorge Molina
3080882,621,34601,58497,Alberto García,Raúl García
3451199,681,351478,397676,Dani Cárdenas,Mikel Oyarzabal
3610558,1108,81999,367464,Luís Maximiano,Joselu
2581153,98,38360,82361,Christian Mathenia,Mevlüt Erdinc
3451075,150,203496,207834,Bono,Nabil Fekir
3450978,366,73185,37403,Roberto,Lucas Pérez
2704710,04,80031,39015,Ralf Fährmann,Darío Lezcano
3610573,3709,251106,207302,Sergio Rico,Enes Ünal
3451072,1533,506248,234811,Rui Silva,Edu Expósito
3451207,1533,337922,51710,Sergio Asenjo,Esteban Burgos
2704357,04,42952,1667,Diego Benaglio,Moritz Hartmann
3610572,940,18922,144128,Matías Dituro,Karim Benzema
3210127,1244,59561,27493,Iván Cuéllar,Dani Parejo
2704212,24,1565,39015,Ralf Fährmann,Alexander Meier
3607622,3368,166677,118997,Aitor Fernández,Brian Oliván
3450985,331,462250,248738,Sergio Herrera,João Félix
3605322,621,338425,229604,Gerónimo Rulli,Álex Berenguer
2704570,04,43512,44594,Felix Wiedwald,Ömer Toprak
2581181,1899,19548,17259,Manuel Neuer,Eugen Polanski
3607624,418,225122,108390,Thibaut Courtois,Gonçalo Guedes
3450986,150,203496,102146,Édgar Badía,Nabil Fekir
2704361,04,50935,93763,Alexander Schwolow,Chicharito
3210137,1533,256429,58115,Yoel Rodríguez,Sergi Guardiola
2704576,60,143891,55089,Oliver Baumann,Maximilian Philipp
3451376,3709,51510,102146,Édgar Badía,Ángel Rodríguez
3208686,681,99353,172015,Fernando Pacheco,Portu
2704571,04,18021,39015,Ralf Fährmann,Paul Verhaegh
3451374,13,81999,121483,Jan Oblak,Joselu
3450991,131,125781,40423,Claudio Bravo,Antoine Griezmann
3611443,331,213260,172015,Fernando Pacheco,Rubén García
3451387,16795,57825,51710,Sergio Asenjo,Jorge Molina
3607529,367,167850,165467,Stole Dimitrievski,Memphis Depay
3451090,1108,81999,207834,Bono,Joselu
3611448,1531,349066,102146,Édgar Badía,Alexander Isak
3450996,681,122155,713632,Ángel Jiménez,Willian José
3450996,681,211251,212862,Álex Remiro,Darwin Machís
3611442,3368,212391,74857,Marc-André ter Stegen,Roger Martí
3208695,1533,72047,4,Marko Dmitrović,Iago Aspas
2871551,79,36284,1784,René Adler,Simon Terodde
3607525,16795,424784,226012,David Soria,Luis Suárez
3451099,1050,126716,234811,Rui Silva,Paco Alcácer
2581187,86,31910,42205,Yann Sommer,Felix Kroos
3451392,368,189441,121483,Jan Oblak,Lucas Ocampos
3208632,3368,227961,299715,Koke Vegas,Jaime Mata
2704239,24,50935,48015,Lukas Hradecky,Chicharito
2581924,1899,82009,108880,Koen Casteels,Kevin Volland
3208706,1244,95732,118997,Aitor Fernández,Martin Braithwaite
3080823,714,256429,34370,Diego López,Sergi Guardiola
3081104,3368,252677,58497,Alberto García,José Luis Morales
3080830,1533,154059,199321,Rubén Blanco,Charles
2704594,60,42936,44594,Felix Wiedwald,Nils Petersen
2581193,04,4357,85864,Loris Karius,Klaas-Jan Huntelaar
2581767,86,142281,84938,Timo Horn,Anthony Ujah
3081109,1533,348795,4,Marko Dmitrović,Giovani Lo Celso
2704593,24,67685,42205,Yann Sommer,Marco Fabián
3610295,418,18922,102146,Édgar Badía,Karim Benzema
2704437,82,1565,1667,Diego Benaglio,Alexander Meier
3451101,621,227961,262396,Unai Simón,Jaime Mata
3208712,366,199369,121483,Jan Oblak,Sandro Ramírez
3611466,331,18922,248738,Sergio Herrera,Karim Benzema
3611466,331,18922,248738,Sergio Herrera,Karim Benzema
3611465,3368,252677,207834,Bono,José Luis Morales
2704241,04,89701,59238,Marwin Hitz,Charles Aránguiz
3451116,418,212391,108390,Thibaut Courtois,Roger Martí
3451118,1049,372246,102146,Édgar Badía,Carlos Soler
3080834,13,148928,404839,Andriy Lunin,Saúl Ñíguez
2704457,41,34561,39015,Ralf Fährmann,Johan Djourou
3610326,331,32467,248738,Sergio Herrera,Ivan Rakitic
3611463,2687,54235,284342,Conan Ledesma,Iker Muniain
3451412,681,349066,297194,Iván Villar,Alexander Isak
3451015,150,81988,101118,Joel Robles,Sergi Enrich
3210044,366,72047,65263,Jordi Masip,Iago Aspas
3081120,681,122155,108390,Thibaut Courtois,Willian José
3080840,366,247250,108390,Thibaut Courtois,Rubén Alcaraz
3610341,13,44352,226012,David Soria,Luis Suárez
3431930,331,212391,248738,Sergio Herrera,Roger Martí
2871693,60,152963,21726,Philipp Tschauner,Florian Niederlechner
3605212,367,251106,165467,Stole Dimitrievski,Enes Ünal
3431925,13,148928,234811,Rui Silva,Saúl Ñíguez
2704270,18,42783,1784,René Adler,André Hahn
2704270,18,48298,1784,René Adler,Lars Stindl
2581674,98,39743,85864,Loris Karius,Sandro Wagner
3607561,1108,72047,172015,Fernando Pacheco,Iago Aspas
3210077,1244,137704,234811,Rui Silva,Miguel Ángel Guerrero
2704271,1,160668,48870,Jonas Lössl,Antonio Colak
3208850,1049,396894,74857,Marc-André ter Stegen,Maxi Gómez
2704647,98,49239,61989,Michael Esser,Guido Burgstaller
3431936,1533,506248,102146,Édgar Badía,Edu Expósito
3451152,3368,252677,248738,Sergio Herrera,José Luis Morales
2581668,04,126414,59238,Marwin Hitz,Hakan Calhanoglu
3208759,368,44779,64000,Tomas Vaclik,Diego Costa
2871779,167,58864,59238,Marwin Hitz,Pierre-Emerick Aubameyang
3605219,3368,212391,144128,Matías Dituro,Roger Martí
2581683,1,35207,85864,Loris Karius,Marco Reus
3451042,131,28003,227805,Jaume Doménech,Lionel Messi
3610360,621,54235,212862,Álex Remiro,Iker Muniain
3208621,13,128223,226012,David Soria,Álvaro Morata
3451162,150,66106,226012,David Soria,Sergio Canales
3208641,940,165007,146227,Jasper Cillessen,Denis Suárez
2581678,79,126214,33210,Przemyslaw Tyton,Mathew Leckie
3451441,1049,28003,146227,Jasper Cillessen,Lionel Messi
2581969,04,4357,72476,Bernd Leno,Klaas-Jan Huntelaar
2581984,1899,46580,73517,Örjan Nyland,Andrej Kramaric
3413174,60,486031,284769,Florian Müller,Nicolás González
3413175,44,517894,260053,Jiri Pavlenka,Matheus Cunha
3058577,27,38253,21327,Ron-Robert Zieler,Robert Lewandowski
2604317,430,36371,5023,Gianluigi Buffon,Nikola Kalinic
3412994,82,228645,55089,Oliver Baumann,Wout Weghorst
3412994,82,145866,108880,Koen Casteels,Munas Dabbur
2872082,60,93707,84938,Timo Horn,Christian Günter
3413163,16,418560,78339,Rafal Gikiewicz,Erling Haaland
3412949,24,90024,45672,Kevin Trapp,Alfred Finnbogason
2604225,276,5980,7797,Albano Bizzarri,Luca Toni
3588587,80,395516,40792,Manuel Riemann,Moussa Diaby
3588223,82,48298,108880,Koen Casteels,Lars Stindl
2604031,12,62713,5880,Morgan De Sanctis,Ryder Matos
2872087,82,161011,108880,Koen Casteels,Filip Kostic
2726551,1936,146752,24316,Emiliano Viviano,Gianluca Caprari
2871903,04,6288,39015,Ralf Fährmann,Mario Gómez
2604224,416,26263,73090,Vid Belec,Maxi López
2604328,5,45146,110925,Francesco Bardi,Mario Balotelli
3058701,1,185699,40680,Sven Ulreich,Tim Leibold
3413148,44,38253,24112,Rune Jarstein,Robert Lewandowski
2726546,46,68863,19136,Marco Storari,Mauro Icardi
3203505,27,147573,17259,Manuel Neuer,Sebastian Andersson
3412954,79,179635,108880,Koen Casteels,Philipp Förster
2604233,252,6031,110923,Mattia Perin,Antonio Di Natale
3203711,07,291739,160971,Leopold Zingerle,Milot Rashica
3588423,1,60957,160963,Robin Zentner,Sebastian Polter
3413019,23826,238407,85941,Stefan Ortega,Alexander Sørloth
2604134,800,38593,41914,Davide Bassi,Marek Hamsik
3058712,16,303259,59238,Marwin Hitz,Dodi Lukébakio
2871961,82,6288,24112,Rune Jarstein,Mario Gómez
3058713,04,38410,48015,Lukas Hradecky,Daniel Caligiuri
2871997,79,58205,21327,Ron-Robert Zieler,André Schürrle
2872102,04,228433,61989,Michael Esser,Wendell
2871720,60,177779,260053,Jiri Pavlenka,Janik Haberer
2604140,46,25488,28021,Samir Handanovic,Antonio Candreva
3412916,1,232418,125714,Mark Flekken,Ondrej Duda
3588264,80,181547,40792,Manuel Riemann,Gonçalo Paciência
3058724,86,139396,260053,Jiri Pavlenka,Bruma
3588276,04,193782,108880,Koen Casteels,Lucas Alario
3412897,04,4357,45672,Kevin Trapp,Klaas-Jan Huntelaar
3058408,18,102226,16498,Ramazan Özcan,Thorgan Hazard
2725477,5,167727,315858,Gianluigi Donnarumma,Andrea Belotti
3413078,86,35207,260053,Jiri Pavlenka,Marco Reus
2871980,27,75489,40680,Sven Ulreich,Niclas Füllkrug
2604155,1025,88683,7797,Albano Bizzarri,Mattia Destro
3588290,80,40792,55089,Oliver Baumann,Manuel Riemann
2872113,41,161011,284769,Florian Müller,Filip Kostic
3588141,82,228645,40792,Manuel Riemann,Wout Weghorst
2604270,1038,26105,24316,Emiliano Viviano,Valter Birsa
3413050,167,48298,78339,Rafal Gikiewicz,Lars Stindl
2871791,27,38253,82361,Christian Mathenia,Robert Lewandowski
3203542,18,237662,125714,Mark Flekken,Breel Embolo
2725489,416,167727,22141,Antonio Mirante,Andrea Belotti
2604278,410,240306,79242,Gabriel,Bruno Fernandes
3058449,82,42936,108880,Koen Casteels,Nils Petersen
3588151,04,48298,48015,Lukas Hradecky,Lars Stindl
2604177,398,68306,77825,Etrit Berisha,Alberto Paloschi
2603982,1038,19442,24316,Emiliano Viviano,Andrea Lazzari
3058552,18,102226,187624,Fabian Bredlow,Thorgan Hazard
3413107,79,111078,257814,Gregor Kobel,Emil Forsberg
2603984,800,6160,136111,Nicola Leali,Mauricio Pinilla
3588320,23826,451276,48015,Lukas Hradecky,Dominik Szoboszlai
3203674,1,112935,255294,Florian Kastenmeier,Mark Uth
2726507,398,139634,22318,Federico Marchetti,Ledian Memushaj
2726503,1390,68306,84467,Rafael,Alberto Paloschi
2726617,5,157501,16633,Alex Cordaz,M'Baye Niang
3413136,16,35207,160963,Robin Zentner,Marco Reus
2872046,60,42936,108880,Koen Casteels,Nils Petersen
3588350,60,185077,55089,Oliver Baumann,Vincenzo Grifo
3203689,1,68033,284769,Florian Müller,Steven Zuber
2726613,862,26105,110923,Mattia Perin,Valter Birsa
3058683,1,57091,195778,Alexander Nübel,Hanno Behrens
3588348,82,445939,108880,Koen Casteels,Omar Marmoush
2726626,4083,139634,16633,Alex Cordaz,Ledian Memushaj
2604203,749,88909,16408,Orestis Karnezis,Riccardo Saponara
3413157,44,327757,55089,Oliver Baumann,Krzysztof Piatek
3058472,23826,170527,187624,Fabian Bredlow,Timo Werner
2726521,12,28855,44058,Wojciech Szczesny,Raffaele Palladino
3203481,38,248999,221624,Zack Steffen,Lucas Höler
3413160,167,90024,17259,Manuel Neuer,Alfred Finnbogason
2726630,12,157501,44058,Wojciech Szczesny,M'Baye Niang
3058579,18,7161,257814,Gregor Kobel,Jonas Hofmann
2726634,749,129129,80894,Lukasz Skorupski,João Pedro
3058691,1,303259,284769,Florian Müller,Dodi Lukébakio
3203495,07,254934,160963,Robin Zentner,Jamilu Collins
2726525,430,80351,315858,Gianluigi Donnarumma,Josip Ilicic
3081233,862,5928,357117,Alban Lafont,Sergio Pellissier
3229488,1005,215616,79242,Gabriel,Erick Pulgar
2897382,416,164771,25508,Salvatore Sirigu,Jordan Veretout
3081139,1038,22328,25508,Salvatore Sirigu,Fabio Quagliarella
3614586,430,133964,208166,Bartlomiej Dragowski,Lorenzo Insigne
3433326,4171,146752,315858,Gianluigi Donnarumma,Gianluca Caprari
3614701,46,406625,12907,Alessio Cragno,Lautaro Martínez
3433432,398,105521,25508,Salvatore Sirigu,Ciro Immobile
3229199,506,45389,5023,Gianluigi Buffon,Samuel Di Carmine
2897289,416,215616,25508,Salvatore Sirigu,Erick Pulgar
2897249,1025,105521,22141,Antonio Mirante,Ciro Immobile
2897395,252,130394,240414,Alex Meret,Gianluca Lapadula
3433538,6574,177843,5023,Gianluigi Buffon,Domenico Berardi
3081350,6574,35743,35865,Andrea Consigli,Fabio Ceravolo
3614599,6195,133964,4,Vanja Milinković-Savić,Lorenzo Insigne
3081146,5,39153,44058,Wojciech Szczesny,Gonzalo Higuaín
3229309,398,105521,44058,Wojciech Szczesny,Ciro Immobile
3229312,6574,177843,84467,Rafael,Domenico Berardi
3229313,2722,199258,131758,Jesse Joronen,Andrea Petagna
3229212,1913,159337,35865,Andrea Consigli,Roberto Inglese
3081153,749,84765,77825,Etrit Berisha,Francesco Caputo
3229412,416,167727,99254,Luigi Sepe,Andrea Belotti
2897401,6195,56416,21891,Stefano Sorrentino,Dries Mertens
3229311,1038,22328,99254,Luigi Sepe,Fabio Quagliarella
3433251,5,4,85528,Marco Silvestri,Zlatan Ibrahimović
2897267,410,199248,7797,Albano Bizzarri,Bryan Cristante
3229516,5,207877,315858,Gianluigi Donnarumma,Ruslan Malinovskyi
3614522,398,105521,286047,Guglielmo Vicario,Ciro Immobile
3614523,5,4,45026,Rui Patrício,Zlatan Ibrahimović
2897486,4171,133179,48003,Christian Puggioni,Marten de Roon
3081370,430,164771,35865,Andrea Consigli,Jordan Veretout
2897316,12,130365,24316,Emiliano Viviano,Alessandro Florenzi
2726672,410,28396,16408,Orestis Karnezis,Edin Dzeko
3229230,252,34784,7825,Pepe Reina,Lasse Schöne
2726669,416,4,315858,Gianluigi Donnarumma,Adem Ljajić
2897278,4171,177843,146799,Alberto Brignoli,Domenico Berardi
3229432,252,44136,99254,Luigi Sepe,Domenico Criscito
3433271,5,294808,208166,Bartlomiej Dragowski,Franck Kessié
2897493,416,167727,315858,Gianluigi Donnarumma,Andrea Belotti
3229227,1025,227081,80894,Lukasz Skorupski,Joaquín Correa
3614734,12,286297,44058,Wojciech Szczesny,Lorenzo Pellegrini
3081378,252,234523,22141,Antonio Mirante,Antonio Sanabria
3614510,6195,133964,12359,Niki Mäenpää,Lorenzo Insigne
3229543,19,22328,234880,Lorenzo Andrenacci,Fabio Quagliarella
3229536,5,4,12907,Alessio Cragno,Zlatan Ibrahimović
3081286,1390,255942,28021,Samir Handanovic,Nicolò Barella
3433380,1025,4,80894,Lukasz Skorupski,Zlatan Ibrahimović
2726789,252,26721,85240,Eugenio Lamanna,Lucas Biglia
3081390,416,167727,35865,Andrea Consigli,Andrea Belotti
3080977,1390,208167,12907,Alessio Cragno,Dawid Kownacki
2897564,410,102017,238993,Simone Scuffet,Jorginho
3614536,398,105521,79045,Jeroen Zoet,Ciro Immobile
3229349,46,119228,28021,Samir Handanovic,Luis Muriel
2726794,410,29316,84467,Rafael,Cyril Théréau
3614740,430,4,25508,Salvatore Sirigu,Dušan Vlahović
3081194,252,80351,303657,Ionut Radu,Josip Ilicic
2897506,1038,22328,12907,Alessio Cragno,Fabio Quagliarella
2897201,1390,40660,12907,Alessio Cragno,Alessandro Matri
3081287,6195,133964,44058,Wojciech Szczesny,Lorenzo Insigne
3081396,5,61511,315858,Gianluigi Donnarumma,Camillo Ciano
3614748,1390,129129,96254,Pietro Terracciano,João Pedro
3614748,1390,124555,4,Boris Radunović,Cristiano Biraghi
2726803,252,282388,21891,Stefano Sorrentino,Giovanni Simeone
2897453,6574,40660,16633,Alex Cordaz,Alessandro Matri
3081034,749,84765,75458,Robin Olsen,Francesco Caputo
2726711,4083,28396,16633,Alex Cordaz,Edin Dzeko
2726705,6574,159337,35865,Andrea Consigli,Roberto Inglese
3081403,46,68863,208166,Bartlomiej Dragowski,Mauro Icardi
2897210,430,20005,199976,Marco Sportiello,Papu Gómez
3229273,12,46156,240414,Alex Meret,Aleksandar Kolarov
2726818,252,25488,85240,Eugenio Lamanna,Antonio Candreva
3229470,1005,51736,222209,Thomas Strakosha,Marco Mancosu
2897463,12,54984,12907,Alessio Cragno,Diego Perotti
3081039,2722,83458,28021,Samir Handanovic,Mirco Antenucci
3229369,430,44136,208166,Bartlomiej Dragowski,Domenico Criscito
3614684,1919,206050,73090,Vid Belec,Paulo Dybala
2897218,800,206050,77825,Etrit Berisha,Paulo Dybala
2897234,506,206050,222209,Thomas Strakosha,Paulo Dybala
2897536,1390,197470,12907,Alessio Cragno,Mattia Caldara
2897473,6574,68863,35865,Andrea Consigli,Mauro Icardi
3229382,1390,129129,57285,Simone Colombi,João Pedro
2726824,1390,163683,84467,Rafael,Manuel Pucciarelli
3433515,6574,119228,35865,Andrea Consigli,Luis Muriel
3433217,46,4,28021,Samir Handanovic,Zlatan Ibrahimović
3229484,252,59340,318707,Karlo Letica,Iago Falque
3229280,398,124902,222209,Thomas Strakosha,Khouma Babacar
3433318,5,105521,315858,Gianluigi Donnarumma,Ciro Immobile
3614575,46,198116,242359,Juan Musso,Federico Dimarco
3433523,1038,28396,256339,Emil Audero,Edin Dzeko
3229285,410,199258,242359,Juan Musso,Andrea Petagna
3614573,749,41384,286047,Guglielmo Vicario,Marko Arnautovic
2726727,6574,177843,315858,Gianluigi Donnarumma,Domenico Berardi
3229286,800,486624,44058,Wojciech Szczesny,Musa Barrow
3433225,800,22328,199976,Marco Sportiello,Fabio Quagliarella
3081323,6574,84835,35865,Andrea Consigli,Emanuele Giaccherini
2726733,5,119235,21891,Stefano Sorrentino,Carlos Bacca
3047471,1416,192774,182906,Mike Maignan,Moussa Konaté
3199419,995,157501,357117,Alban Lafont,M'Baye Niang
2942773,347,45146,77383,Eiji Kawashima,Mario Balotelli
2942679,1162,45832,296802,Walter Benítez,Ivan Santini
2586913,162,213368,27941,Danijel Subasic,Pedro Henrique
3047871,1420,202278,5023,Gianluigi Buffon,Flavien Tait
3199535,347,344888,6270,Yohann Pelé,Habib Diallo
3199648,1421,290561,190263,Predrag Rajkovic,Alexandre Mendy
3047876,417,416108,127188,Maxime Dupé,Youcef Atal
3047878,273,318528,146714,Tomas Koubek,Marcus Thuram
3199537,29,93678,296802,Walter Benítez,Gaëtan Charbonnier
2586915,583,93664,45672,Kevin Trapp,Abdelaziz Barrada
3199433,667,58295,127202,Matz Sels,Petar Skuletic
3047774,162,167850,27941,Danijel Subasic,Memphis Depay
3199529,618,68290,39910,Stéphane Ruffier,Neymar
2942780,162,39152,60561,Anthony Lopes,Radamel Falcao
2942893,969,76293,39910,Stéphane Ruffier,Giovanni Sio
2701601,1158,291110,127181,Benjamin Lecomte,Enzo Crivelli
3047784,855,332889,205465,Marc-Aurèle Caillard,Valentin Rongier
3199543,1421,229004,190263,Predrag Rajkovic,Moussa Dembélé
3047654,162,272642,1667,Diego Benaglio,Allan Saint-Maximin
2717374,1158,146805,190786,Baptiste Reynet,Majeed Waris
2942695,1041,203496,182906,Mike Maignan,Nabil Fekir
2942696,583,48280,72422,Mamadou Samassa,Edinson Cavani
2942900,618,113707,22628,Benoît Costil,Rémy Cabella
2609762,1095,48280,57134,Matthieu Dreyer,Edinson Cavani
2942903,995,190780,127181,Benjamin Lecomte,Emiliano Sala
3614807,607,200188,35865,Andrea Consigli,Mattia Aramu
2901111,244,265504,23951,Steve Mandanda,Firmin Mubele
3195024,29,93678,190786,Baptiste Reynet,Gaëtan Charbonnier
3195020,969,122797,23974,Romain Salin,Andy Delort
3047806,1041,203496,127181,Benjamin Lecomte,Nabil Fekir
2942718,1416,74297,60561,Anthony Lopes,Gaël Kakuta
3047809,583,342229,6270,Yohann Pelé,Kylian Mbappé
3199568,273,157501,357117,Alban Lafont,M'Baye Niang
3195259,995,92693,357117,Alban Lafont,Darío Benedetto
2942729,273,103565,120629,Alphonse Areola,Wahbi Khazri
2901140,40,122116,112822,Karl-Johan Johnsson,Nicolas de Préville
2901140,40,18909,22628,Benoît Costil,Jimmy Briand
3199475,1416,270541,357047,Gautier Larsonneur,Serhou Guirassy
2702767,855,16993,112822,Karl-Johan Johnsson,Jérémy Ménez
3047559,618,18900,39910,Stéphane Ruffier,Hatem Ben Arfa
2609780,162,18829,238720,Jérôme Prior,Vágner Love
2901319,995,81460,55282,Ciprian Tatarusanu,Nolan Roux
3199586,969,344888,229604,Gerónimo Rulli,Habib Diallo
3199590,29,129868,22628,Benoît Costil,Cristian Battocchio
2901320,417,167329,23951,Steve Mandanda,Alassane Plea
3199385,667,127142,442531,Edouard Mendy,Jonas Martin
3199377,583,45320,190786,Baptiste Reynet,Ángel Di María
3199384,969,122797,60561,Anthony Lopes,Andy Delort
2735517,595,182323,27490,Jean-Louis Leca,Lucas Lima
2942749,273,184892,146714,Tomas Koubek,Florian Thauvin
3614820,749,282388,286047,Guglielmo Vicario,Giovanni Simeone
2942742,1095,270411,22628,Benoît Costil,Saîf-Eddine Khaoui
3199389,1421,292818,190263,Predrag Rajkovic,Jonathan Bamba
3047740,415,28140,12029,Ludovic Butelle,Max Gradel
3047740,415,170953,190786,Baptiste Reynet,Stéphane Bahoken
3047445,162,39152,182906,Mike Maignan,Radamel Falcao
2942755,244,60540,56809,Alexandre Oukidja,Valère Germain
2942850,2969,37647,190786,Baptiste Reynet,Dimitri Payet
2942851,855,323704,112822,Karl-Johan Johnsson,Malcom
3199608,415,289587,296802,Walter Benítez,Aaron Leya Iseka
3047587,1160,259025,296802,Walter Benítez,Umut Bozok
3394626,244,184892,22628,Benoît Costil,Florian Thauvin
3199611,1082,332889,182906,Mike Maignan,Valentin Rongier
3047460,415,28140,318507,Paul Bernardoni,Max Gradel
3047588,273,72479,55282,Ciprian Tatarusanu,Clément Grenier
2735637,583,48280,27490,Jean-Louis Leca,Edinson Cavani
2586799,855,66407,23951,Steve Mandanda,Sloan Privat
3047452,40,424051,1667,Diego Benaglio,Samuel Kalu
2942861,618,113707,120629,Alphonse Areola,Rémy Cabella
2701631,618,91415,27490,Jean-Louis Leca,Robert Beric
3047461,1420,45121,12029,Ludovic Butelle,Loïc Rémy
3047859,618,28140,39910,Stéphane Ruffier,Max Gradel
3199527,1082,292818,357047,Gautier Larsonneur,Jonathan Bamba
2586804,273,3525,72578,Mauro Goicoechea,Sylvain Armand
3047591,1416,37647,39918,Régis Gurtner,Dimitri Payet
3047866,583,48280,296802,Walter Benítez,Edinson Cavani
3047604,1082,167850,182906,Mike Maignan,Memphis Depay
3047478,417,266359,296802,Walter Benítez,Benjamin Bourigeaud
3394650,995,560725,79422,Keylor Navas,Abdoul Kader Bamba
3394644,2969,388165,274958,Saturnin Allagbé,Yoane Wissa
2701647,995,190780,39910,Stéphane Ruffier,Emiliano Sala
2587000,273,76293,5308,Cédric Carrasso,Giovanni Sio
2735650,347,122797,77383,Eiji Kawashima,Andy Delort
2586839,273,148955,182906,Mike Maignan,Paul-Georges Ntep
2609712,40,87479,318507,Paul Bernardoni,Alexander Söderlund
2735557,415,95732,37760,Vincent Enyeama,Martin Braithwaite
2586877,583,4,48870,Jonas Lössl,Zlatan Ibrahimović
2701674,417,45146,60561,Anthony Lopes,Mario Balotelli
2702823,1082,84481,22628,Benoît Costil,Éder
3614887,410,406625,85528,Marco Silvestri,Lautaro Martínez
2586908,1421,41242,182906,Mike Maignan,David N'Gog
2609840,1420,95732,93730,Alexandre Letellier,Martin Braithwaite
2716695,1158,146805,112822,Karl-Johan Johnsson,Majeed Waris
2609844,1095,35099,57134,Matthieu Dreyer,Steven Fletcher
3614897,607,393804,80894,Lukasz Skorupski,Sofian Kiyine
2600642,1162,122797,45672,Kevin Trapp,Andy Delort
3614907,410,308278,85528,Marco Silvestri,Rey Manaj
3394659,347,205587,395671,Anthony Racioppi,Opa Nguette
3394659,347,355641,56809,Alexandre Oukidja,Mounir Chouiar
3394655,1041,236045,60561,Anthony Lopes,Denis Bouanga
3394995,29,68290,357047,Gautier Larsonneur,Neymar
3589428,40,325223,344591,Gaëtan Poussin,Mama Baldé
3394804,1421,74297,190263,Predrag Rajkovic,Gaël Kakuta
3395001,618,192774,696849,Etienne Green,Moussa Konaté
3395002,995,122797,357117,Alban Lafont,Andy Delort
3589208,667,27389,190263,Predrag Rajkovic,Kévin Gameiro
3589445,969,127156,296802,Walter Benítez,Téji Savanier
3589224,1082,533738,357117,Alban Lafont,Jonathan David
3394676,1158,127156,189744,Paul Nardi,Téji Savanier
3394817,969,127156,163568,Alfred Gomis,Téji Savanier
3589457,40,281319,247915,Jonas Omlin,Alberth Elis
3394830,162,146854,357047,Gautier Larsonneur,Wissam Ben Yedder
3394684,347,202318,60561,Anthony Lopes,Farid Boulaya
3589479,667,27389,27490,Jean-Louis Leca,Kévin Gameiro
3394694,667,450417,77383,Eiji Kawashima,Dylan Bronn
3394703,29,238639,190263,Predrag Rajkovic,Steve Mounié
3589505,1421,316137,576033,Dogan Alemdar,Moussa Doumbia
3394718,618,77826,190786,Baptiste Reynet,Ryad Boudebouz
3394907,618,46104,465836,Stefan Bajic,Stevan Jovetic
3588916,417,418659,195778,Alexander Nübel,Amine Gouiri
3394732,1420,37647,318507,Paul Bernardoni,Dimitri Payet
3589555,995,18909,357117,Alban Lafont,Jimmy Briand
3394740,667,283994,190786,Baptiste Reynet,Ludovic Ajorque
3394920,1160,234802,696849,Etienne Green,Renaud Ripart
3394931,347,289587,182906,Mike Maignan,Aaron Leya Iseka
3588931,1158,418659,189744,Paul Nardi,Amine Gouiri
3394922,162,146854,274958,Saturnin Allagbé,Wissam Ben Yedder
3394932,1160,314940,190786,Baptiste Reynet,Dimitri Liénard
3394756,244,184892,190786,Baptiste Reynet,Florian Thauvin
3394758,995,74297,357117,Alban Lafont,Gaël Kakuta
3394761,667,77826,77383,Eiji Kawashima,Ryad Boudebouz
3589365,1421,709726,344591,Gaëtan Poussin,Hugo Ekitiké
3589600,63,594991,60561,Anthony Lopes,Mohamed Bayo
3589403,995,68290,357117,Alban Lafont,Neymar
3589405,1421,175014,190263,Predrag Rajkovic,Youcef Belaïli
3219118,180,92469,95976,Alex McCarthy,Matt Ritchie
3219377,1123,258923,33027,Tim Krul,Marcus Rashford
3219377,1123,182877,33027,Tim Krul,Anthony Martial
2872381,512,28990,128969,Mathew Ryan,Charlie Adam
3050478,29,90466,192279,Kepa Arrizabalaga,Gylfi Sigurdsson
2578080,631,85314,19059,Heurelho Gomes,Oscar
2577981,989,45693,19059,Heurelho Gomes,Glenn Murray
2698240,180,132098,52570,Fraser Forster,Harry Kane
2578193,379,65477,71271,Adrián,Troy Deeney
3219146,989,134294,427568,Aaron Ramsdale,Danny Ings
3219228,148,53622,17965,Hugo Lloris,Ilkay Gündogan
3219216,1003,26399,16911,Kasper Schmeichel,Sergio Agüero
2718874,331,59561,57693,Mario Fernández,Dani Parejo
2718985,2448,69006,29559,Guillermo Ochoa,Lacina Traore
2594539,714,37834,58497,Alberto García,Felipe Caicedo
2899562,1244,76273,27493,Iván Cuéllar,Manu García
2594635,131,68290,44062,Antonio Adán,Neymar
3079384,3368,252677,64000,Tomas Vaclik,José Luis Morales
3421813,11,102017,72476,Bernd Leno,Jorginho
3592041,11,58864,111873,Emiliano Martínez,Pierre-Emerick Aubameyang
2594764,681,153238,229604,Gerónimo Rulli,Jonathan Viera
2899873,368,25557,226012,David Soria,Sergio Ramos
2899872,3709,57825,207834,Bono,Jorge Molina
2594471,621,28003,7874,Gorka Iraizoz,Lionel Messi
2899707,131,28003,8184,Rubén Martínez,Lionel Messi
2718953,368,46104,7874,Gorka Iraizoz,Stevan Jovetic
2719057,1084,199369,207302,Sergio Rico,Sandro Ramírez
3079533,1050,315110,226012,David Soria,Karl Toko Ekambi
2899626,150,145769,111819,Neto,Sergio León
3451192,621,34601,234811,Rui Silva,Raúl García
3208791,1049,177467,146227,Jasper Cillessen,Gerard Moreno
2704353,04,45660,61989,Michael Esser,Eric Maxim Choupo-Moting
3209979,1533,154059,118997,Aitor Fernández,Charles
3210125,714,506248,34370,Diego López,Edu Expósito
3080802,131,28003,65263,Jordi Masip,Lionel Messi
3607628,1050,177467,121483,Jan Oblak,Gerard Moreno
3451410,331,63056,227805,Jaume Doménech,Roberto Torres
2704269,16,58864,24112,Rune Jarstein,Pierre-Emerick Aubameyang
2581659,1,58358,85864,Loris Karius,Thomas Müller
3451435,1531,149231,121483,Jan Oblak,Fidel
3413178,167,269878,78339,Rafal Gikiewicz,Marcus Ingvartsen
3412953,10,78147,39015,Ralf Fährmann,Fabian Klos
3413016,1,36182,84938,Timo Horn,Max Kruse
3412947,16,418560,41323,Andreas Luthe,Erling Haaland
3413173,1899,50512,55089,Oliver Baumann,Anthony Modeste
2871856,60,7971,93763,Alexander Schwolow,Salomon Kalou
2604338,1909,130382,22318,Federico Marchetti,Jerry Mbakogu
2604338,1909,130382,22318,Federico Marchetti,Jerry Mbakogu
2726560,1038,22328,110923,Mattia Perin,Fabio Quagliarella
2872085,04,193782,21327,Ron-Robert Zieler,Lucas Alario
2726568,398,5825,22318,Federico Marchetti,Marco Borriello
3588421,18,242086,42205,Yann Sommer,Patrik Schick
3588421,18,125858,42205,Yann Sommer,Kerem Demirbay
2871677,86,18021,260053,Jiri Pavlenka,Paul Verhaegh
2871726,82,4360,108880,Koen Casteels,Arjen Robben
3203633,18,167329,55089,Oliver Baumann,Alassane Plea
3413098,79,245537,257814,Gregor Kobel,Nabil Bentaleb
2604058,506,122153,199976,Marco Sportiello,Paul Pogba
3588672,79,369567,160929,Marvin Schwäbe,Sasa Kalajdzic
2871835,82,18021,39015,Ralf Fährmann,Paul Verhaegh
3203468,1,182932,78339,Rafal Gikiewicz,Davy Klaassen
2604188,5,68863,315858,Gianluigi Donnarumma,Mauro Icardi
2871573,24,102226,48015,Lukas Hradecky,Thorgan Hazard
2871564,27,159471,40680,Sven Ulreich,Serge Gnabry
3203681,1899,112935,55089,Oliver Baumann,Mark Uth
3058479,04,228433,61989,Michael Esser,Wendell
2897381,5,294808,21891,Stefano Sorrentino,Franck Kessié
2726637,398,80351,22318,Federico Marchetti,Josip Ilicic
3433530,506,294808,44058,Wojciech Szczesny,Franck Kessié
2897163,506,83877,5023,Gianluigi Buffon,Diego Farias
3433342,1038,40433,256339,Emil Audero,Alexis Sánchez
3081143,749,255901,197929,Ivan Provedel,Rodrigo de Paul
2726759,749,56416,80894,Lukasz Skorupski,Dries Mertens
3081261,416,255901,25508,Salvatore Sirigu,Rodrigo de Paul
3229423,1390,129129,286415,Pau López,João Pedro
2897507,12,159337,105470,Alisson,Roberto Inglese
3229219,1005,46156,79242,Gabriel,Aleksandar Kolarov
3614742,5,339808,197929,Ivan Provedel,Theo Hernández
3229220,5,341092,315858,Gianluigi Donnarumma,Federico Chiesa
3229222,1913,33481,25508,Salvatore Sirigu,Gervinho
3229522,506,8198,256339,Emil Audero,Cristiano Ronaldo
2897214,12,54984,7797,Albano Bizzarri,Diego Perotti
3433299,506,8198,244192,Pierluigi Gollini,Cristiano Ronaldo
3433302,3522,486624,197929,Ivan Provedel,Musa Barrow
3229532,1038,441385,315858,Gianluigi Donnarumma,Gonzalo Maroni
2897443,12,165900,105470,Alisson,Federico Viviani
2897374,4083,129505,24316,Emiliano Viviano,Marcello Trotta
3229457,46,406625,80894,Lukasz Skorupski,Lautaro Martínez
2897377,506,39153,7797,Albano Bizzarri,Gonzalo Higuaín
3229240,5,124902,315858,Gianluigi Donnarumma,Khouma Babacar
3433485,398,105521,241923,Lorenzo Montipò,Ciro Immobile
3615128,3522,327757,197929,Ivan Provedel,Krzysztof Piatek
2726698,1025,88683,7825,Pepe Reina,Mattia Destro
2726796,5,111961,80894,Lukasz Skorupski,Suso
3433393,800,167727,244192,Pierluigi Gollini,Andrea Belotti
2897541,506,2865,99523,Nícolas,Stephan Lichtsteiner
3081224,506,8198,21891,Stefano Sorrentino,Cristiano Ronaldo
2726817,6574,36371,35865,Andrea Consigli,Nikola Kalinic
2600636,1095,69006,318507,Paul Bernardoni,Lacina Traore
2942872,969,5303,22628,Benoît Costil,Souleymane Camara
2942681,2969,28140,190786,Baptiste Reynet,Max Gradel
3199534,1082,401923,229604,Gerónimo Rulli,Victor Osimhen
2942809,1162,76055,146714,Tomas Koubek,Ronny Rodelin
2942809,1162,208542,146714,Tomas Koubek,Stef Peeters
3047651,1420,326300,22628,Benoît Costil,Jeff Reine-Adélaïde
3199450,415,28140,182906,Mike Maignan,Max Gradel
2701607,273,39924,22628,Benoît Costil,Anthony Robic
3047534,1041,203496,55282,Ciprian Tatarusanu,Nabil Fekir
3394584,1420,170953,190263,Predrag Rajkovic,Stéphane Bahoken
2942821,618,91415,190786,Baptiste Reynet,Robert Beric
3047815,995,126687,182906,Mike Maignan,Valentin Eysseric
3047724,1082,343052,39918,Régis Gurtner,Nicolas Pépé
2701610,1159,5345,112822,Karl-Johan Johnsson,Youssouf Hadji
2901127,583,48280,60561,Anthony Lopes,Edinson Cavani
2701618,1162,45832,27490,Jean-Louis Leca,Ivan Santini
2702758,1159,126552,53306,Guy Ndy Assembé,Loïs Diony
2586990,1420,18934,22628,Benoît Costil,Thomas Mangani
2702791,40,193938,37760,Vincent Enyeama,Diego Rolán
2701666,273,37920,112822,Karl-Johan Johnsson,Kamil Grosicki
3614871,276,84765,241923,Lorenzo Montipò,Francesco Caputo
2702818,162,93720,27941,Danijel Subasic,Alexandre Lacazette
3614885,1038,44136,256339,Emil Audero,Domenico Criscito
3614896,416,133964,77825,Etrit Berisha,Lorenzo Insigne
2698286,31,44779,50219,Simon Mignolet,Diego Costa
2872483,1010,65477,74960,Martin Dúbravka,Troy Deeney
2872211,31,148455,48870,Jonas Lössl,Mohamed Salah
2872216,29,73484,130164,Jordan Pickford,Tom Cleverley
3592170,11,240306,427568,Aaron Ramsdale,Bruno Fernandes
2718911,368,18935,51710,Sergio Asenjo,Samir Nasri
3592281,543,534033,249994,José Sá,Alexis Mac Allister
2899672,418,8198,37403,Roberto,Cristiano Ronaldo
2899937,472,153238,121483,Jan Oblak,Jonathan Viera
3079403,681,122155,111819,Neto,Willian José
2719055,418,8198,42373,Diego Alves,Cristiano Ronaldo
2594558,621,29124,58497,Alberto García,Aritz Aduriz
2718740,1050,37579,229604,Gerónimo Rulli,Alexandre Pato
2718765,1244,217728,42373,Diego Alves,Alexander Szymanowski
3592039,1010,410225,59377,David de Gea,Ismaïla Sarr
2594488,418,25316,79422,Keylor Navas,Rubén Castro
2594582,1050,178425,120629,Alphonse Areola,Dani García
2704308,1,50512,1784,René Adler,Anthony Modeste
3607604,3368,120095,146227,Jasper Cillessen,José Campaña
3451194,2687,4,284342,Conan Ledesma,Marko Dmitrović
3209978,621,255508,51710,Sergio Asenjo,Iñaki Williams
3607580,1531,89733,102146,Édgar Badía,Álex Fernández
3451401,1049,372246,212862,Álex Remiro,Carlos Soler
3605208,940,246204,144128,Matías Dituro,Salvi Sánchez
3605210,681,351478,207834,Bono,Mikel Oyarzabal
3058638,1,57091,57071,Péter Gulácsi,Hanno Behrens
2872070,16,35207,16498,Ramazan Özcan,Marco Reus
3058693,1899,46580,51977,Pavao Pervan,Andrej Kramaric
2604124,862,68306,199976,Marco Sportiello,Alberto Paloschi
3203524,18,182932,42205,Yann Sommer,Davy Klaassen
3412874,27,38410,17259,Manuel Neuer,Daniel Caligiuri
3203548,1,42783,84938,Timo Horn,André Hahn
2604312,6574,177843,24316,Emiliano Viviano,Domenico Berardi
2604201,6574,177843,44058,Wojciech Szczesny,Domenico Berardi
2871880,79,247459,40680,Sven Ulreich,Chadrac Akolo
2726657,398,26721,257660,Marco Festa,Lucas Biglia
2726848,1390,119235,265077,Luca Crosta,Carlos Bacca
3081239,800,73794,75458,Robin Olsen,Duván Zapata
2726680,1936,124555,35865,Andrea Consigli,Cristiano Biraghi
3614596,506,164771,44058,Wojciech Szczesny,Jordan Veretout
3081263,410,157849,21891,Stefano Sorrentino,Lukasz Teodorczyk
2897345,5,86784,24316,Emiliano Viviano,Ricardo Rodríguez
2726697,1936,146752,22318,Federico Marchetti,Gianluca Caprari
2897209,4083,85393,16633,Alex Cordaz,Nicolas Viola
3081383,1038,84765,256339,Emil Audero,Francesco Caputo
2897510,416,128220,25508,Salvatore Sirigu,Luis Alberto
2726731,430,167727,55282,Ciprian Tatarusanu,Andrea Belotti
2726798,430,197300,28021,Samir Handanovic,Federico Bernardeschi
3433219,12,130394,22141,Antonio Mirante,Gianluca Lapadula
3433421,1025,105521,80894,Lukasz Skorupski,Ciro Immobile
3614815,3522,256361,12907,Alessio Cragno,Daniele Verde
3614814,1038,25488,44058,Wojciech Szczesny,Antonio Candreva
2609680,162,146854,27941,Danijel Subasic,Wissam Ben Yedder
2735657,415,95732,124901,Benjamin Leroy,Martin Braithwaite
3050351,1003,294057,61694,Neil Etheridge,James Maddison
2872386,11,58864,238223,Ederson,Pierre-Emerick Aubameyang
3429801,984,181579,110864,Sam Johnstone,James Ward-Prowse
2718855,681,35773,42373,Diego Alves,Carlos Vela
3080873,150,15799,286415,Pau López,Santi Cazorla
3605056,331,213260,144128,Matías Dituro,Rubén García
2581759,1,50512,59238,Marwin Hitz,Anthony Modeste
3203701,167,152963,84938,Timo Horn,Florian Niederlechner
2604249,416,105521,22318,Federico Marchetti,Ciro Immobile
2871862,82,117674,55089,Oliver Baumann,Maximilian Arnold
2604193,800,30873,35865,Andrea Consigli,Germán Denis
2871491,23826,264956,39015,Ralf Fährmann,Jean-Kévin Augustin
3614594,749,80351,286047,Guglielmo Vicario,Josip Ilicic
2897375,6574,165895,240414,Alex Meret,Matteo Politano
3614545,5,294808,7825,Pepe Reina,Franck Kessié
2735586,273,93720,22628,Benoît Costil,Alexandre Lacazette
2702775,1420,237125,39910,Stéphane Ruffier,Famara Diédhiou
2701636,2969,80173,182891,Thomas Didillon,Frédéric Sammaritano
2701636,2969,38360,190786,Baptiste Reynet,Mevlüt Erdinc
